CREATE SCHEMA certificados;
USE certificados;

SET SQL_MODE = "NO_AUTO_VALUE_ON_ZERO";
SET time_zone = "+00:00";

CREATE TABLE IF NOT EXISTS `accounts` (
  `id` int(11) NOT NULL,
  `cpf` varchar(11) NOT NULL,
  `password` varchar(255) NOT NULL,
  `email` varchar(100) NOT NULL,
  `activation_code` varchar(50) DEFAULT ''
) ENGINE=InnoDB AUTO_INCREMENT=2 DEFAULT CHARSET=latin1;

INSERT INTO `accounts` (`id`, `cpf`, `password`, `email`, `activation_code`) VALUES
(1, '03032464994', '$2y$10$WXhbgBZEcCSudyyqQAB.SeDbj7ZY.ol3qu7bdd3lQSrTXPniHy3ia', 'ff.luccas@gmail.com', '5f1e34db50b6d');

CREATE TABLE IF NOT EXISTS `eventos` (
  `id` int(11) NOT NULL,
  `dia` date NOT NULL,
  `cidade` varchar(100) DEFAULT NULL,
  `uf` varchar(50) DEFAULT NULL,
  `filename` varchar(100) DEFAULT NULL,
  `titulo` varchar(2000) NOT NULL
) ENGINE=InnoDB AUTO_INCREMENT=28 DEFAULT CHARSET=latin1;

INSERT INTO `eventos` (`id`, `dia`, `cidade`, `uf`, `filename`, `titulo`) VALUES
(1, '2019-10-16', 'Salvador', 'BA', 'Bahia2Outubro2019', 'Especialização no Novo Decreto Nº 10.024/19 - Pregão Eletrônico na Operacionalização Prática do COMPRASNET e Sistema Registro de Preços'),
(2, '2019-09-30', 'Salvador', 'BA', 'BahiaOutubro2019', 'Contratação nas Sociedades de Economia Mista Conforme Lei nº 13.303/16'),
(3, '2019-04-15', 'Belo Horizonte', 'MG', 'BeloHorizonteAbril2019', 'Obras Públicas - Do planejamento até a fiscalização da Execução Contratual'),
(4, '2019-11-11', 'Campo Grande', 'MS', 'CampoGrandeNovembro2019', 'Qualificação e Formação de Pregoeiros com operacionalização prática do COMPRASNET e Sistema Registro de Preços'),
(5, '2019-08-28', 'Curitiba', 'PR', 'CuritibaAgosto2019', 'Qualificação e Formação de Pregoeiros, Termo de Referência e Sistema Registro de Preços. Estatuto das Microempresas alterado pelas Leis Complementares, nº 147/14 e 167/19'),
(6, '2018-12-13', 'Curitiba', 'PR', 'CuritibaDezembro', 'Capacitação e Qualificação de Pregoeiros, Simulação no Sistema COMPRASNET'),
(7, '2019-05-29', 'Curitiba', 'PR', 'CuritibaMaio2019', 'Elaboração, análise e julgamento da Planilha de Custos e Formação de Preços, conforme IN 05/17 SEGES-MP'),
(8, '2019-06-30', 'Belém', 'PA', 'ParticipanteBelem', 'Gestão e fiscalização de Contratos Administrativos, procedimentos, técnicas e responsabilidades sob a ótica da nova IN 05/17'),
(9, '2019-03-25', 'Salvador', 'BA', 'ParticipanteCERB', 'Contratação nas Empresas Estatais - O Estatuto Jurídico da Lei nº 13.303/16'),
(10, '2019-04-11', 'Cuiabá', 'MT', 'ParticipanteCuiabaAbril2019', 'Formação, capacitação e qualificação de pregoeiros no Sistema COMPRASNET e Cotação Eletrônica'),
(11, '2018-12-13', 'Curitiba', 'PR', 'ParticipanteCuritiba', 'Contratação nas Empresas Estatais - O Estatuto Jurídico da Lei nº 13.303/16'),
(12, '2019-04-10', 'Curitiba', 'PR', 'ParticipanteCuritiba2Abril2019', 'Gestão e Fiscalização de Contratos Administrativos'),
(13, '2019-04-10', 'Curitiba', 'PR', 'ParticipanteCuritibaAbril2019', 'Contratações Diretas'),
(14, '2019-02-20', 'Porto Velho', 'RO', 'ParticipantePortoVelho', 'Formação e Atualização de Pregoeiros - COMPRASNET - SRP, incluindo as alterações estabelecidas no Decreto nº 7.892/15 com alterações do Decreto nº 9.488/18'),
(15, '2019-03-25', 'Salvador', 'BA', 'ParticipanteSalvador', 'Formação e capacitação de Pregoeiros - Habilitação em Sistema de Registro de Preços'),
(16, '2019-05-29', 'Rio de Janeiro', 'RJ', 'RjMaio2019', 'A prática eficiente na elaboração do Termo de Referência, Projeto Básico, Edital e seus anexos, conforme alterações da IN 05/17'),
(17, '2019-10-25', 'São Paulo', 'SP', 'SaoPauloOutubro2019', 'Governança e Gestão Pública para Conselhos Profissionais - FOC Final - TCU'),
(18, '2019-11-27', 'Cuiabá', 'MT', 'CuiabaNovembro2019', 'Qualificação e formação de Pregoeiros, com destaque para as alterações do Decreto do Pregão Eletrônico, operacionalização prática do COMPRASNET e SRP'),
(19, '2019-12-09', 'João Pessoa', 'PB', 'JoaoPessoa2019', 'Governança e Gestão Pública para Conselhos Profissionais em conformidade do TCU. Acórdão 1925/19 - Plenário (FOC Final)'),
(20, '2020-01-29', 'São Paulo', 'SP', 'SaoPauloJaneiro2020', 'Controle da Gestão no âmbito dos Conselhos Profissionais interno e externo pelo TCU'),
(21, '2020-03-04', 'Porto Alegre', 'RS', 'PortoAlegreMarco2020', 'Elaboração e Análise de Planilhas de Custos e Formação de Preços conforme IN 05/17 - SEGES MPDG'),
(22, '2020-05-13', 'Turma 1 - Curso Online', 'Plataforma Zoom', 'ZoomMaio2020', 'Durante a crise, como gerir o Conselho Profissional?'),
(23, '2020-06-03', 'Turma 2 - Curso Online', 'Plataforma Zoom', 'ZoomJunho2020', 'Durante a crise, como gerir o Conselho Profissional?'),
(24, '2020-06-29', 'Curso Online', 'Plataforma Zoom', 'SauloDavidJunho2020', 'Oficina de Operacionalização de Pregão Eletrônico pelo COMPRASNET com Pregão Express - Lei 13.979/20 e MP 926'),
(25, '2020-07-16', 'Curso Online', 'Plataforma Zoom', 'ZoomJulho2020', 'Formação e Atualização de Pregoeiros e Equipe de Apoio conforme Decreto nº 10.024/19 com prática no sistema COMPRASNET e Cotação Eletrônica (Com destaque para a Lei nº 13.979/20 de enfrentamento ao COVID-19)'),
(26, '2020-07-30', 'Curso Online', 'Plataforma Zoom', 'PauloPortoJulho2020', 'Legalidade e Fomento da Fiscalização'),
(27, '2020-07-29', 'Curso Online', 'Plataforma Zoom', 'PauloPorto2Julho2020', 'Legalidade e Fomento da Fiscalização');

CREATE TABLE IF NOT EXISTS `Participante` (
  `idParticipante` int(11) NOT NULL,
  `nome` varchar(50) DEFAULT NULL,
  `cpf` varchar(11) DEFAULT NULL,
  `downloaded` tinyint(1) NOT NULL
) ENGINE=InnoDB AUTO_INCREMENT=233 DEFAULT CHARSET=latin1;

INSERT INTO `Participante` (`idParticipante`, `nome`, `cpf`, `downloaded`) VALUES
(1, 'Acácio Bomfim de Abreu', '02243148587', 1),
(2, 'Addson Fernandes Mesquita', '03063274496', 1),
(3, 'Adriana Carrijo de Medeiros', '92085474187', 1),
(4, 'Adriana Fernandes Tupynambá', '04113892628', 1),
(5, 'Adriana Mendes Porto', '89501861104', 1),
(6, 'Adriane Soares Marcolla', '03423740604', 1),
(7, 'Afonso Avelino Dantas Neto', '05641284491', 1),
(8, 'Aldo Morais da Silva', '04609583135', 1),
(9, 'Alessandro Rissardi', '03077928973', 1),
(10, 'Alex Sandro Rodrigues Baiense', '01085150798', 1),
(11, 'Alexandre Neves Bastos', '94114510206', 1),
(12, 'Aline A. Araújo Veríssimo', '03621184180', 1),
(13, 'Aline Benedita Dias Pestana', '01431819557', 1),
(14, 'Amélia P. Sumihara de Morais', '24450669134', 1),
(15, 'Ana Lúcia Telles Fonseca', '40398196753', 1),
(16, 'Analú da Silva Santiago', '80460208268', 1),
(17, 'Andia Nara de Oliveira Freitas', '93487193272', 1),
(18, 'André Martinelli Agunzi', '26398815823', 1),
(19, 'Andréa Bonilha Bordin', '02879467977', 1),
(20, 'Andréa M. P. do Amaral Noronha', '35687754504', 1),
(21, 'Andrei Candiota da Silva', '48430641149', 1),
(22, 'Angileidison Viana da Silva', '93968710100', 1),
(23, 'Anne Jacqueline da Silva', '00741082470', 1),
(24, 'Antônio Carlos da Silva', '63161761634', 1),
(25, 'Antonio Cesar de Macedo Silva', '14013045591', 1),
(26, 'Antonio Linares Filho', '15626474900', 1),
(27, 'Aparecida Silva Rossini', '34996559934', 1),
(28, 'Archimedes Cavalcanti Júnior', '38022770400', 1),
(29, 'Átila Kleber Oliveira', '95101233153', 1),
(30, 'Brígida Mota Neves', '06342882614', 1),
(31, 'Bruna Florêncio Moreira', '08424935659', 1),
(32, 'Bruna Rodrigues Paludetto', '41214774806', 1),
(33, 'Bruno Bulhões de Lima', '02719624454', 1),
(34, 'Bruno Moura de Souza Leão', '09359356492', 1),
(35, 'Caio Cesar Caldana', '33710438861', 1),
(36, 'Camila Morita', '36735667840', 1),
(37, 'Carlos Alberto de Castro Filho', '76200507287', 1),
(38, 'Carlos Antônio Dourado Campos', '11102810568', 1),
(39, 'Carlos Gustavo Risso Campelo', '00182463117', 1),
(40, 'Carlos Norberto Simonetto', '00990685837', 1),
(41, 'Carlos Regino Rodrigues Correia', '80113664168', 1),
(42, 'Cássia Álvares Carvalho Barretto', '19500777568', 1),
(43, 'Cátia Stellio Sashida', '07661950820', 1),
(44, 'Célio Herrera Simioni', '03915084824', 1),
(45, 'Celso Luis de Andrade', '03498700987', 1),
(46, 'Clóvis Goulart de Bem', '34201475972', 1),
(47, 'Cristian Linn Feoli', '63229600000', 1),
(48, 'Cristina A. de Barros Ribeiro Marins', '91631203134', 1),
(49, 'Daiana Paula Costa de Melo', '03567897489', 1),
(50, 'Daiane Moreira do Nascimento', '04944524129', 1),
(51, 'Dalila da Silva Barbosa Coelho', '00876335580', 1),
(52, 'Damiana Lopes Delegá Montyjo', '07857372781', 1),
(53, 'Damião Rocha da Silva', '83745750420', 1),
(54, 'Daniel Caldas', '05883948669', 1),
(55, 'Daniel M. Szwec dos Santos Fernandes', '83297502991', 1),
(56, 'Daniel Soares Nunes', '70369852087', 1),
(57, 'Daniela Ferreira de Oliveira', '64449939387', 1),
(58, 'Daniela Gurgel Fernandes Giacomo', '78350786515', 1),
(59, 'Danielle Garrão Augusto', '07295225714', 1),
(60, 'Davi Aparecido Silva Pereira', '10122437888', 1),
(61, 'Davi da Silva Vieira Costa', '05536102443', 1),
(62, 'Dayanne Cavalcante de Carvalho', '1693142198\r', 1),
(63, 'Dayla Barbosa Pinto', '86786679234', 1),
(64, 'Diego Escobar Teixeira Sampaio', '02127256107', 1),
(65, 'Divino Terenço Xavier', '01384856153', 1),
(66, 'Dôglas Sousa de Andrade', '48294349100', 1),
(67, 'Douglas Alexandre Sena Lima', '16682769415', 1),
(68, 'Eduardo Laurindo Machado', '00898034930', 0),
(69, 'Eduardo Rangel de Moraes', '85380474934', 1),
(70, 'Elaine Cristina da Silva', '26178708807', 1),
(71, 'Elaine Maria Pimenta Sales', '03721420608', 1),
(72, 'Elias Francisco de Assis', '04828111107', 1),
(73, 'Elizabeth Adaniya', '18610859827', 1),
(74, 'Ellen Monte Bussi', '36975474885', 1),
(75, 'Emanoel Tadeu Coelho Costa', '21998031802', 1),
(76, 'Erisvalda P. do Nascimento Costa', '67681670300', 1),
(77, 'Etiana Magalhães Pedroso', '88396576068', 1),
(78, 'Eugênia Wandeck Valle de Paiva', '71200983149', 1),
(79, 'Fabiana Vaz de Almeida', '84337451153', 1),
(80, 'Fabiano Dias Cardoso', '04850901656', 1),
(81, 'Felipe Camargo do Nascimento', '02306577102', 1),
(82, 'Fernanda Ferreira dos Santos Silva', '01404222502', 1),
(83, 'Fernando Nascimento dos Santos ', '03895307602', 1),
(84, 'Fernando Stabile Bustos', '07534476810', 1),
(85, 'Fillipe Guimarães de Araújo', '95209883191', 1),
(86, 'Flávio Leandro Dias Guedes Rolim', '03851795458', 1),
(87, 'Francilice Pereira dos Santos', '46605118553', 1),
(88, 'Gabriela Santiago Carrijo', '09103290603', 1),
(89, 'Geovana Faria da Silva', '03724318790', 1),
(90, 'Geraldo Luis de Souza Rodrigues', '35263890044', 1),
(91, 'Gerusa de Paula Vaz', '01343826683', 1),
(92, 'Gilberto Gontijo Amaral', '00146871600', 1),
(93, 'Giselda G. L. de Araújo da Matta', '36319503491', 1),
(94, 'Glaucia Megi Rodrigues', '00257783580', 1),
(95, 'Glediston Luiz Mustefaga', '49191489172', 1),
(96, 'Guilherme Fernandes Amaral', '02788606133', 1),
(97, 'Guilherme Pereira de Souza Júnior', '83875301153', 1),
(98, 'Guilherme Pimenta da Silva', '15064320779', 1),
(99, 'Henrique Klassmann Wendland', '01368654029', 1),
(100, 'Herbert Chagas Dantas Lopes', '04530725421', 1),
(101, 'Herval Dórea da Silva', '17950759534', 1),
(102, 'Ideilda Fernandes Vieira', '23497700525', 1),
(103, 'Igor Tadeu Garcia', '00504738917', 1),
(104, 'Isabela A. Fernandes da Silva', '10177823771', 1),
(105, 'Ivanilde Fabrette', '08412618149', 1),
(106, 'Jadson Coutinho de Lima', '20973900482', 1),
(107, 'Jailson Augusto de Oliveira', '11112173862', 1),
(108, 'Janara Arantes Sant''Ana', '00646382195', 1),
(109, 'Jardel Araújo da Silva', '02346018333', 1),
(110, 'Joaquim Fernandes', '04308891191', 1),
(111, 'Joaquim Pessoa Guerra Filho', '03807022406', 1),
(112, 'Johana Manuela Portela', '91375561591', 1),
(113, 'Jonnatan Lopes Moreira de Sousa', '95690395153', 1),
(114, 'Jorge Luiz Gonçalves Góes', '37409166649', 1),
(115, 'José Alcides dos Santos', '07383673115', 1),
(116, 'José Hugo Cabral Seffair', '20108591204', 1),
(117, 'José Luiz Rodrigues Leal', '60635126915', 1),
(118, 'José Rodrigo Lopes Pedro', '04853826440', 1),
(119, 'José Ubiratan Costa Júnior', '29181704100', 1),
(120, 'José Valdir Borges Pimentel', '88033082534', 1),
(121, 'Juliana Chaim', '32977517898', 1),
(122, 'Juliana Pereira da Silva Assis', '81920024115', 1),
(123, 'Juliano Cequinel', '97509663920', 1),
(124, 'Karen C. Nascimento Ferreira', '03647469122', 1),
(125, 'Karina Moreira Nunes', '61367753368', 1),
(126, 'Karine Clotilde Bueno da Silva', '06806186947', 1),
(127, 'Kátia Christina Oliveira e Silva', '00642213771', 1),
(128, 'Laelço Cavalcanti Júnior', '02126367150', 1),
(129, 'Laércio de Souza Ribeiro Neto', '77222709487', 1),
(130, 'Laís Procópio Gouveia', '01145233392', 1),
(131, 'Lauro Sossela de Freitas', '11086513991', 1),
(132, 'Leandro Zenon Ázara', '78961149172', 1),
(133, 'Leila Oliveira Carreiro', '07210047417', 1),
(134, 'Lizelia F. Nunes Segundo', '56555059400', 1),
(135, 'Lorena Santos Caldas', '85803095575', 1),
(136, 'Luccas de Freitas Ferreira', '09166819989', 1),
(137, 'Luciana Matias Mota', '74489437315', 1),
(138, 'Luciana Mota de Lima Pascoal', '93631006187', 1),
(139, 'Luciana Pagano Romero', '25234513874', 1),
(140, 'Luciana Sperandio', '05753746918', 1),
(141, 'Luciane Ferreira dos Santos', '83865950949', 1),
(142, 'Luciano Figueiredo de Souza', '82604606100', 1),
(143, 'Lucimara L. Floriano da Fonseca', '69519242104', 1),
(144, 'Luiz Augusto Alves Starling', '03119329673', 1),
(145, 'Magali Krindges', '94061394053', 1),
(146, 'Magda Regina Rocha', '12751961878', 1),
(147, 'Maiara de Oliveira Batista', '52987841272', 1),
(148, 'Mair Ferreira Ramos', '13575740100', 1),
(149, 'Marcela Fernandes dos Santos', '10674354761', 1),
(150, 'Marcelo Ribeiro de Araújo', '02222801400', 1),
(151, 'Márcia G. Alves de Araújo Lobo', '43054667572', 1),
(152, 'Márcia Mayumi Duarte Kimura', '02399929110', 0),
(153, 'Marciléia Vila Nova', '52329950225', 1),
(154, 'Márcio Borges Laurentino', '02365126928', 1),
(155, 'Márcio da Silva Marcelino', '06983530721', 1),
(156, 'Marco Antônio Teixeira da Silva', '01065161832', 1),
(157, 'Marcos José Menezes da Rocha ', '81004010206', 1),
(158, 'Marcos Vinicius Tod', '59830743934', 1),
(159, 'Marcus Vinicius Carvalho Lira', '00845946323', 1),
(160, 'Maria Elisabete Vila Nova', '04850102409', 1),
(161, 'Maria Ernestina Borges Freitas ', '34082182420', 1),
(162, 'Maria José Pereira Leão ', '57379262220', 1),
(163, 'Maria Marlúcia Nunes Ritter', '57383391187', 1),
(164, 'Maria Vicentina de Souza Abreu França', '49418647668', 1),
(165, 'Mariana Oliveira de Souza', '28846039807', 1),
(166, 'Mariana Ramos Sena dos Santos', '09889122790', 1),
(167, 'Marina Dutra do Nascimento', '02015604103', 1),
(168, 'Mário Chaves Pugas', '23318554120', 1),
(169, 'Marize de Almeida Sales Pereira', '61981125191', 1),
(170, 'Marli Rodrigues Baranhuk', '77489756987', 1),
(171, 'Mateus Araújo Ribeiro Dias', '80988806568', 1),
(172, 'Mesaque Araújo da Silva', '08642430818', 1),
(173, 'Michael Francis Rocha', '02838432176', 1),
(174, 'Michael Martins Silva', '01362349330', 1),
(175, 'Mirian Ramos Fiorentin', '71153152991', 1),
(176, 'Mônica Meira Leite Rodrigues', '18148077487', 1),
(177, 'Murilo Rosa', '41640462953', 1),
(178, 'Nancy Laranjeira Tavares de Camargo', '06029544870', 1),
(179, 'Nazaré Darcy Mousse', '12272795234', 1),
(180, 'Nilo C. Cerqueira de Freitas Júnior', '06094234448', 1),
(181, 'Norberto Vieira dos Reis', '07801018800', 1),
(182, 'Ogimar Eustáquio Montijo', '59979909668', 1),
(183, 'Ottilio Monaco', '01932241000', 1),
(184, 'Patrícia Nogueira Kohatsu', '77619269134', 1),
(185, 'Paulo Henrique Milagre da Silveira', '67346065620', 1),
(186, 'Paulo Henrique Rocha da Costa', '81389981053', 1),
(187, 'Paulo Victor de Resende Brilhante', '01171196105', 1),
(188, 'Priscilla Emme Sousa Ribeiro', '06359151979', 1),
(189, 'Rafael Almeida Onofre', '05543338481', 1),
(190, 'Raimundo Oliveira Viana', '00138550263', 1),
(191, 'Raquel de Jesus Macedo', '41687953813', 1),
(192, 'Reggiani Luzia Schinatto', '19931237848', 1),
(193, 'Reinaldo Florêncio Moreira', '15045617672', 1),
(194, 'Rellen Cristian da Costa', '02240833920', 1),
(195, 'Renato Antunes Villanova', '73192619953', 1),
(196, 'Ricardo C. de Medeiros Ferreira da Silva', '46622047472', 1),
(197, 'Ricardo de Freitas Frateschi Junior', '08817798657', 1),
(198, 'Ricardo J. Quirino de Azevedo Filho', '04685285476', 1),
(199, 'Roberto Munuera Reyes', '10415941865', 1),
(200, 'Roberto Salvo', '13335049004', 1),
(201, 'Roberval Nobrega Evangelista', '78124239568', 1),
(202, 'Robson da Silva Padilha', '00415966175', 1),
(203, 'Rodrigo Diniz Cabral', '01281908410', 1),
(204, 'Rodrigo Geraldo de Oliveira', '03523515602', 1),
(205, 'Rodrigo Leandro Teixeira', '02550145542', 1),
(206, 'Rodrigo Magalhães de Oliveira', '69950539668', 1),
(207, 'Rodrigo Victor de Barros', '82795525100', 1),
(208, 'Roosevelt Martins Rezende', '81647441153', 1),
(209, 'Rosana P. dos Anjos Teixeira', '10472505866', 1),
(210, 'Sales de Araujo Guedes', '83695621400', 1),
(211, 'Sandra da Silva Almeida', '29451868534', 1),
(212, 'Sérgio Satoru Mori', '62384228900', 1),
(213, 'Sidney Fernandes Gutierrez', '03961439893', 1),
(214, 'Simonery Silva Neres Soares', '00307010155', 0),
(215, 'Solange Ferreira Rocha', '43054617572', 1),
(216, 'Sonia Rodrigues Pessoa', '52697407449', 1),
(217, 'Stéfani Correa Duarte', '01905817002', 1),
(218, 'Suzana Aparecida da Silva', '44243561168', 1),
(219, 'Tânia Laura Maia Flores', '30648475115', 1),
(220, 'Tania Maria Lemos Mouço', '49080768715', 1),
(221, 'Tatiana Maisa Ferragina', '34141933880', 1),
(222, 'Urbano Alves Cordeiro', '14975475634', 1),
(223, 'Vanessa Alves de Lima Mota', '03068438381', 1),
(224, 'Vera Lúcia de Paiva', '81321570600', 1),
(225, 'Victor F. Fernandes de Lucena', '01143929357', 1),
(226, 'Vinicius Andrade Souza', '81293240168', 1),
(227, 'Willian Ferreira Gomes', '04083309105', 1),
(228, 'Wladmir Rogério dos Reis', '27986594187', 1),
(229, 'Yasmim Mencher', '12548259676', 1),
(230, 'Danyelle C. Marini de Moraes', '26841520807', 1),
(231, 'Helder Baptista da Silva', '44740670020', 1),
(232, 'Rodrigo Pimenta da Silva', '07324016553', 1);

-- --------------------------------------------------------

--
-- Estrutura da tabela `participantes`
--

CREATE TABLE IF NOT EXISTS `participantes` (
  `id` varchar(128) NOT NULL,
  `nome` varchar(100) NOT NULL,
  `cpf` varchar(11) NOT NULL,
  `evento_id` int(11) NOT NULL
) ENGINE=InnoDB DEFAULT CHARSET=latin1;

--
-- Extraindo dados da tabela `participantes`
--

INSERT INTO `participantes` (`id`, `nome`, `cpf`, `evento_id`) VALUES
('0fba8417-be67-11ea-8ad6-00155dc1a843', 'Talita Silveira Barbosa\n\n', '14528605724', 24),
('0fba8697-be67-11ea-8ad6-00155dc1a843', 'Paulo Sergio Alberto', '97799874791', 24),
('0fba8722-be67-11ea-8ad6-00155dc1a843', 'Juliana Loureiro Carasso de Munno Francisco', '04230107781', 24),
('0fba8787-be67-11ea-8ad6-00155dc1a843', 'Simone Gobetti', '00293188742', 24),
('0fba87e0-be67-11ea-8ad6-00155dc1a843', 'Rayane Ferreira Bastos', '13092519752', 24),
('0fba8839-be67-11ea-8ad6-00155dc1a843', 'Livia Santos Silva', '01362696560', 24),
('0fba8893-be67-11ea-8ad6-00155dc1a843', 'Kelly de Vilhene Correa', '84344709268', 24),
('0fba8903-be67-11ea-8ad6-00155dc1a843', 'Andreia Cruz Silva', '51682150097', 24),
('0fba8968-be67-11ea-8ad6-00155dc1a843', 'Fernanda Trindade da Silveira', '02689199092', 24),
('148aae0e-9abf-11ea-8ad6-00155dc1a843', 'Pietra Diehl Klein', '99896524068', 22),
('172e8e10-cf93-11ea-8ad6-00155dc1a843', 'Marcia Azevedo', '03032464994', 2),
('172e916d-cf93-11ea-8ad6-00155dc1a843', 'Marcia Azevedo', '03032464994', 3),
('172e9254-cf93-11ea-8ad6-00155dc1a843', 'Marcia Azevedo', '03032464994', 4),
('172e92fe-cf93-11ea-8ad6-00155dc1a843', 'Marcia Azevedo', '03032464994', 5),
('172e939a-cf93-11ea-8ad6-00155dc1a843', 'Marcia Azevedo', '03032464994', 6),
('172e9431-cf93-11ea-8ad6-00155dc1a843', 'Marcia Azevedo', '03032464994', 7),
('172e94b2-cf93-11ea-8ad6-00155dc1a843', 'Marcia Azevedo', '03032464994', 8),
('172e9530-cf93-11ea-8ad6-00155dc1a843', 'Marcia Azevedo', '03032464994', 9),
('172fede3-cf93-11ea-8ad6-00155dc1a843', 'Marcia Azevedo', '03032464994', 10),
('172feff2-cf93-11ea-8ad6-00155dc1a843', 'Marcia Azevedo', '03032464994', 11),
('172ff069-cf93-11ea-8ad6-00155dc1a843', 'Marcia Azevedo', '03032464994', 12),
('172ff0cf-cf93-11ea-8ad6-00155dc1a843', 'Marcia Azevedo', '03032464994', 13),
('172ff136-cf93-11ea-8ad6-00155dc1a843', 'Marcia Azevedo', '03032464994', 14),
('1731573c-cf93-11ea-8ad6-00155dc1a843', 'Marcia Azevedo', '03032464994', 15),
('17315b78-cf93-11ea-8ad6-00155dc1a843', 'Marcia Azevedo', '03032464994', 16),
('17315c48-cf93-11ea-8ad6-00155dc1a843', 'Marcia Azevedo', '03032464994', 17),
('17315cf1-cf93-11ea-8ad6-00155dc1a843', 'Marcia Azevedo', '03032464994', 18),
('17315da6-cf93-11ea-8ad6-00155dc1a843', 'Marcia Azevedo', '03032464994', 19),
('17315e3d-cf93-11ea-8ad6-00155dc1a843', 'Marcia Azevedo', '03032464994', 20),
('17316077-cf93-11ea-8ad6-00155dc1a843', 'Marcia Azevedo', '03032464994', 21),
('17316127-cf93-11ea-8ad6-00155dc1a843', 'Marcia Azevedo', '03032464994', 22),
('173161c4-cf93-11ea-8ad6-00155dc1a843', 'Marcia Azevedo', '03032464994', 23),
('17316261-cf93-11ea-8ad6-00155dc1a843', 'Marcia Azevedo', '03032464994', 24),
('173162fb-cf93-11ea-8ad6-00155dc1a843', 'Marcia Azevedo', '03032464994', 25),
('2bbe4983-0b29-11ea-9b25-00155d82e02d', 'Ailton Rocha de Freitas', '96779500534', 1),
('2bbe4d3d-0b29-11ea-9b25-00155d82e02d', 'Jorge Luiz Goncalves Goes', '37409166649', 1),
('2bbe4e90-0b29-11ea-9b25-00155d82e02d', 'Cleverson Andre Fernandes', '00015150631', 1),
('2bbe4f12-0b29-11ea-9b25-00155d82e02d', 'Fernanda Ferreira dos Santos Silva', '01404222502', 1),
('2bbe4f7e-0b29-11ea-9b25-00155d82e02d', 'Kiele de Souza Barbosa', '87922045549', 1),
('2bbe4fe6-0b29-11ea-9b25-00155d82e02d', 'Alexandre dos Reis de Oliveira', '05794743565', 1),
('2bbe5044-0b29-11ea-9b25-00155d82e02d', 'Kennyn Almerio Santiago Diniz', '03496321547', 1),
('2bbe50a3-0b29-11ea-9b25-00155d82e02d', 'Alberto Naum Costa Bastos', '04912149527', 1),
('2bbe510b-0b29-11ea-9b25-00155d82e02d', 'Priscila Santana de Sousa', '01045449539', 1),
('2bbe5166-0b29-11ea-9b25-00155d82e02d', 'Evaldo Tiburtino Lopes', '47245387400', 1),
('2bbe51be-0b29-11ea-9b25-00155d82e02d', 'Cassiano de Araujo Guimaraes', '95597557572', 1),
('2bbe5216-0b29-11ea-9b25-00155d82e02d', 'Valmir Araujo da Silva', '18016570500', 1),
('2bbe5272-0b29-11ea-9b25-00155d82e02d', 'Maristela Lima de Amorim', '91121531415', 1),
('2bbe52cc-0b29-11ea-9b25-00155d82e02d', 'Pascoal Mota Filho', '42686970553', 1),
('2bbe5323-0b29-11ea-9b25-00155d82e02d', 'Josemiro Rorigues Gomes', '81868120597', 1),
('2bbe537c-0b29-11ea-9b25-00155d82e02d', 'Vanessa Carvalho', '05873938580', 1),
('2bbe53d3-0b29-11ea-9b25-00155d82e02d', 'Rogerio Araujo Costa', '90586913572', 1),
('2bbe5430-0b29-11ea-9b25-00155d82e02d', 'Marcia Azevedo', '03032464994', 1),
('2bbe5485-0b29-11ea-9b25-00155d82e02d', 'Adriana Boulhosa de SantAnna', '82420963504', 2),
('2bbe54df-0b29-11ea-9b25-00155d82e02d', 'Aleida Araujo de Almeida', '61561584568', 2),
('2bbe5539-0b29-11ea-9b25-00155d82e02d', 'Alfredo da Silva Pinto', '07374933568', 2),
('2bbe5590-0b29-11ea-9b25-00155d82e02d', 'Antonio Almeida Neto', '04878133597', 2),
('2bbe55e6-0b29-11ea-9b25-00155d82e02d', 'Antonio Raimundo Vieira Santos', '16499344591', 2),
('2bbe563d-0b29-11ea-9b25-00155d82e02d', 'Augusto Jose Mustafa Figueiredo', '10761098534', 2),
('2bbe5696-0b29-11ea-9b25-00155d82e02d', 'Bruno Oliveira Araujo', '00307578518', 2),
('2bbe56ea-0b29-11ea-9b25-00155d82e02d', 'Camila Medrado', '06242402580', 2),
('2bbe5741-0b29-11ea-9b25-00155d82e02d', 'Cerise Mendonca de Azevedo', '44547080453', 2),
('2bbe5796-0b29-11ea-9b25-00155d82e02d', 'Dalmo Silva Sousa', '77811550504', 2),
('2bbe57f0-0b29-11ea-9b25-00155d82e02d', 'Daniela Oliveira Moura Lopes', '01961125595', 2),
('2bbe5844-0b29-11ea-9b25-00155d82e02d', 'Edson Magno de Magalhaes Neto', '17808669504', 2),
('2bbe589a-0b29-11ea-9b25-00155d82e02d', 'Edvaldo Bispo de Moura', '10519732871', 2),
('2bbe58ef-0b29-11ea-9b25-00155d82e02d', 'Fabio Jorge Cerqueira Santos', '80751946591', 2),
('2bbe5947-0b29-11ea-9b25-00155d82e02d', 'Fabio Platon Bezerra Lopes', '81239165587', 2),
('2bbe599d-0b29-11ea-9b25-00155d82e02d', 'France Dielle de Freitas Fonseca', '70914699504', 2),
('2bbe59f8-0b29-11ea-9b25-00155d82e02d', 'Fred Vasquez Pinheiro Gomes', '04188914513', 2),
('2bbe5a50-0b29-11ea-9b25-00155d82e02d', 'Geane Almeida de Oliveira', '01886064598', 2),
('2bbe5aaa-0b29-11ea-9b25-00155d82e02d', 'Georgiana Lopes de Almeida', '09166819989', 2),
('2bbe5afe-0b29-11ea-9b25-00155d82e02d', 'Itamar Jose de Souza', '04600514580', 2),
('2bbe5b54-0b29-11ea-9b25-00155d82e02d', 'Lidiane Oliveira Fernandes', '78860270510', 2),
('2bbe5bac-0b29-11ea-9b25-00155d82e02d', 'Lucas Nogueira Ramos dos Santos', '02683706561', 2),
('2bbe5c04-0b29-11ea-9b25-00155d82e02d', 'Luis Claudio de Almeida', '36739480591', 2),
('2bbe5c5e-0b29-11ea-9b25-00155d82e02d', 'Luzianne Rezende Paes Barreto', '67862926587', 2),
('2bbe5cb1-0b29-11ea-9b25-00155d82e02d', 'Maiana Silva Neri', '02316489524', 2),
('2bbe5d08-0b29-11ea-9b25-00155d82e02d', 'Maicon Jean Rocha de Oliveira', '03869618590', 2),
('2bbe5d5f-0b29-11ea-9b25-00155d82e02d', 'Marcio Andre C. de Oliveira Zau', '67196942515', 2),
('2bbe5db7-0b29-11ea-9b25-00155d82e02d', 'Maria Sara Ribeiro de Jesus', '02726048528', 2),
('2bbe5e0c-0b29-11ea-9b25-00155d82e02d', 'Nelson Lima Dias', '53499590506', 2),
('2bbe5e65-0b29-11ea-9b25-00155d82e02d', 'Olimpio Sergio F. Cascaes', '06691617134', 2),
('2bbe5ebc-0b29-11ea-9b25-00155d82e02d', 'Vanessa Azenha L. Albuquerque Reis', '02885135921', 2),
('2bbe5f14-0b29-11ea-9b25-00155d82e02d', 'Vinicius de Aquino Grassi Pereira', '02699366536', 2),
('2bbe5f6b-0b29-11ea-9b25-00155d82e02d', 'Waleska Garcia Mendes', '50614720559', 2),
('2bbe5fc2-0b29-11ea-9b25-00155d82e02d', 'Emerson Ricardo Garcia', '77373065600', 3),
('2bbe601f-0b29-11ea-9b25-00155d82e02d', 'Marcio de Castro Brant Moraes', '44101589615', 3),
('2bbe6079-0b29-11ea-9b25-00155d82e02d', 'Paulo de Tarso Resende Lara', '70588171620', 3),
('2bbe60d1-0b29-11ea-9b25-00155d82e02d', 'Wellington Carlos Dias', '03608825606', 3),
('2bbe6128-0b29-11ea-9b25-00155d82e02d', 'Simone de Lima G. Neves Goncalves', '02776520654', 3),
('2bbe6182-0b29-11ea-9b25-00155d82e02d', 'Evandro Rafael Silva', '08649628605', 3),
('2bbe61d8-0b29-11ea-9b25-00155d82e02d', 'Ivan Luis Goncalves de Lacerda', '09745083658', 3),
('2bbe6230-0b29-11ea-9b25-00155d82e02d', 'Bruno Alonso Silva', '05542620612', 3),
('2bbe6285-0b29-11ea-9b25-00155d82e02d', 'Mauro Oliveira Martinho', '03841028675', 3),
('2bbe62de-0b29-11ea-9b25-00155d82e02d', 'Devanir Vitor Goncalves', '78515084600', 3),
('2bbe6334-0b29-11ea-9b25-00155d82e02d', 'Alexander Eduardo Costa', '95730052634', 3),
('2bbe638c-0b29-11ea-9b25-00155d82e02d', 'Angelo Marcal Klipel Reus', '00341692107', 4),
('2bbe63e5-0b29-11ea-9b25-00155d82e02d', 'Alfredo Goncalves Beda', '63952912115', 4),
('2bbe643e-0b29-11ea-9b25-00155d82e02d', 'Elvis Leandro dos Santos', '01652385185', 4),
('2bbe6495-0b29-11ea-9b25-00155d82e02d', 'Sedenir Marcos Deparis', '88557588020', 4),
('2bbe64ea-0b29-11ea-9b25-00155d82e02d', 'Polyana Kojima Soares', '02162176106', 4),
('2bbe6543-0b29-11ea-9b25-00155d82e02d', 'Bianca Carolina Goncalves Viana', '04311798164', 4),
('2bbe659d-0b29-11ea-9b25-00155d82e02d', 'Pedro Jorge Cardoso da Silva Rodrigues', '05264696179', 4),
('2bbe66e8-0b29-11ea-9b25-00155d82e02d', 'Leonardo dos Santos Flores', '02811008101', 4),
('2bbe678a-0b29-11ea-9b25-00155d82e02d', 'Marlon Acosta Flores', '01337079111', 4),
('2bbe67f4-0b29-11ea-9b25-00155d82e02d', 'Patricia Ferreira Duarte', '02109229152', 4),
('2bbe685c-0b29-11ea-9b25-00155d82e02d', 'Zilda Isidoro Oliveira', '83688137191', 4),
('2bbe68c0-0b29-11ea-9b25-00155d82e02d', 'Franciele Fanaia de Oliveira', '00783109113', 4),
('2bbe6924-0b29-11ea-9b25-00155d82e02d', 'Carlos Gracindo Pereira Landivar', '01116291100', 4),
('2bbe698a-0b29-11ea-9b25-00155d82e02d', 'Suzy Takaya', '04427663192', 4),
('2bbe69f1-0b29-11ea-9b25-00155d82e02d', 'Rosemary Conceicao Medina Barbosa', '99680602168', 4),
('2bbe6a57-0b29-11ea-9b25-00155d82e02d', 'Thassiany Cuellar do Nascimento', '04064782100', 4),
('2bbe6ab9-0b29-11ea-9b25-00155d82e02d', 'Guilherme Semionato Galicio', '19702352843', 4),
('2bbe6b1c-0b29-11ea-9b25-00155d82e02d', 'Gisele Maria Barbosa da Cruz e Oliveira', '04552345150', 4),
('2bbe6b80-0b29-11ea-9b25-00155d82e02d', 'Adriano Santos do Nascimento', '04137049122', 4),
('2bbe6bdd-0b29-11ea-9b25-00155d82e02d', 'Wellington Martins Louveira', '01789089166', 4),
('2bbe6c3b-0b29-11ea-9b25-00155d82e02d', 'Danilo Moraes de Oliveira', '73083119100', 4),
('2bbe6c99-0b29-11ea-9b25-00155d82e02d', 'Robson Jefe dos Santos Louzada', '32032984814', 4),
('2bbe6cfc-0b29-11ea-9b25-00155d82e02d', 'Eduardo Fernandes Vieira dos Santos', '35841447874', 4),
('2bbe6d5c-0b29-11ea-9b25-00155d82e02d', 'Marciene Nascimento de Brito', '95707786104', 4),
('2bbe6dbc-0b29-11ea-9b25-00155d82e02d', 'Michelly Rocha de Oliveira Cavalcante', '02244906132', 4),
('2bbe6e1a-0b29-11ea-9b25-00155d82e02d', 'Yasmin Ayaka Toyama', '00641206275', 4),
('2bbe6e7c-0b29-11ea-9b25-00155d82e02d', 'Aline Perdomo Soutelo', '01080005161', 4),
('2bbe6edc-0b29-11ea-9b25-00155d82e02d', 'Eliane Alves dos Santos', '98434934191', 4),
('2bbe6f3d-0b29-11ea-9b25-00155d82e02d', 'Mario Robim da Silva Junior', '05947242109', 4),
('2bbe6fa0-0b29-11ea-9b25-00155d82e02d', 'Evaldo Fernando dos Santos', '02115887174', 4),
('2bbe7002-0b29-11ea-9b25-00155d82e02d', 'Ivano Sousa Clink Pereira', '02819416705', 4),
('2bbe7062-0b29-11ea-9b25-00155d82e02d', 'Laryssa de Vito Rosa', '03980984176', 4),
('2bbe70be-0b29-11ea-9b25-00155d82e02d', 'Joao Freitas Brandao Neto', '02082984109', 4),
('2bbe7120-0b29-11ea-9b25-00155d82e02d', 'Cristiane Mendes Ferreira', '01191964175', 4),
('2bbe7183-0b29-11ea-9b25-00155d82e02d', 'Duhan Tramarin Sgaravatti', '36639231859', 4),
('2bbe71e3-0b29-11ea-9b25-00155d82e02d', 'Kelly Vieira de Andrade Fabro', '01688300019', 4),
('2bbe72d3-0b29-11ea-9b25-00155d82e02d', 'Camilla Barboza de Lima', '02542868107', 4),
('2bbe733d-0b29-11ea-9b25-00155d82e02d', 'Neidivaldo Francisco Medice', '31320104134', 4),
('2bbe73a1-0b29-11ea-9b25-00155d82e02d', 'Marcos Aurelio Simplicio Geraldini', '87447749187', 4),
('2bbe7402-0b29-11ea-9b25-00155d82e02d', 'Nara Katiane Gomes Matoso Silva', '85720852115', 4),
('2bbe745e-0b29-11ea-9b25-00155d82e02d', 'Robson Elias dos Santos', '01084788152', 4),
('2bbe74ba-0b29-11ea-9b25-00155d82e02d', 'Cristiane Sanches Sisto', '82939268134', 4),
('2bbe751b-0b29-11ea-9b25-00155d82e02d', 'Yasmin Carolina Oliveira Fernandes', '06925924151', 4),
('2bbe757a-0b29-11ea-9b25-00155d82e02d', 'Tamires Pereira Machado', '02493835190', 4),
('2bbe75db-0b29-11ea-9b25-00155d82e02d', 'Nildo Vieira da Silva', '48120898168', 4),
('2bbe763a-0b29-11ea-9b25-00155d82e02d', 'Maria Auxiliadora Toledo Vilalva', '85111945768', 4),
('2bbe769c-0b29-11ea-9b25-00155d82e02d', 'Adriane Teodora de Paula', '54237360130', 4),
('2bbe76f6-0b29-11ea-9b25-00155d82e02d', 'Douglas Batista de Sousa', '76318567100', 4),
('2bbe7754-0b29-11ea-9b25-00155d82e02d', 'Jhonatan Viturino da Silva', '05645504186', 4),
('2bbe77b3-0b29-11ea-9b25-00155d82e02d', 'Aline Coleti de Faria', '02457584108', 4),
('2bbe7819-0b29-11ea-9b25-00155d82e02d', 'Juliana Amalia Baraldi de Souza Nogueira', '01713362163', 4),
('2bbe7876-0b29-11ea-9b25-00155d82e02d', 'Maria Simone da Costa', '03090291126', 4),
('2bbe78d5-0b29-11ea-9b25-00155d82e02d', 'Mariele Crislaine de Oliveira Souza', '02000878199', 4),
('2bbe7931-0b29-11ea-9b25-00155d82e02d', 'Paulo Ricardo Condi', '73587567115', 4),
('2bbe7992-0b29-11ea-9b25-00155d82e02d', 'Elizeo Vieira da Silva', '20434510220', 4),
('2bbe79f2-0b29-11ea-9b25-00155d82e02d', 'Silvia Raquel Bambokian', '42213134120', 4),
('2bbe7a50-0b29-11ea-9b25-00155d82e02d', 'William Ferreira Borges', '03429999154', 4),
('2bbe7ab1-0b29-11ea-9b25-00155d82e02d', 'Renan de Albres da Silva', '03239997193', 4),
('2bbe7b11-0b29-11ea-9b25-00155d82e02d', 'Victor Hugo Silva', '04968109105', 4),
('2bbe7b71-0b29-11ea-9b25-00155d82e02d', 'Valdileia Barbosa Rezende', '00232611106', 4),
('2bbe7bcf-0b29-11ea-9b25-00155d82e02d', 'Fabio Shin Iti Nakazato', '04323079150', 4),
('2bbe7c2b-0b29-11ea-9b25-00155d82e02d', 'Olivaldo Tiago Nogueira', '94534063172', 4),
('2bbe7c8d-0b29-11ea-9b25-00155d82e02d', 'Clea Cristina Amaral dos Santos', '83306188115', 4),
('2bbe7cec-0b29-11ea-9b25-00155d82e02d', 'Sandra Maria Gabriel', '76319938153', 4),
('2bbe7d4b-0b29-11ea-9b25-00155d82e02d', 'Rodrigo Sa Pereira', '22265222801', 4),
('2bbe7dab-0b29-11ea-9b25-00155d82e02d', 'Luana Rodrigues Lopes', '02560985144', 4),
('2bbe7e0a-0b29-11ea-9b25-00155d82e02d', 'Rayra Duarte Alves', '03405081165', 4),
('2bbe7e69-0b29-11ea-9b25-00155d82e02d', 'David Delano Dal Molin Dreyer', '03212455128', 4),
('2bbe7ec7-0b29-11ea-9b25-00155d82e02d', 'Luiz Carlos de Oliveira Junior', '03996021194', 4),
('2bbe7f25-0b29-11ea-9b25-00155d82e02d', 'Leticia Cristina Leonel Medina', '03116084181', 4),
('2bbe8031-0b29-11ea-9b25-00155d82e02d', 'Agleis Reggiori Epifanio Kamiya', '52938565100', 4),
('2bbe8098-0b29-11ea-9b25-00155d82e02d', 'Dannyara Ribeiro Moraes', '02516545169', 4),
('2bbe80fb-0b29-11ea-9b25-00155d82e02d', 'Monique Cristine Soares Yabe', '04554106900', 5),
('2bbe8178-0b29-11ea-9b25-00155d82e02d', 'Marcel Monteiro Balduino', '39780146881', 5),
('2bbe81da-0b29-11ea-9b25-00155d82e02d', 'Marilyn Lisboa de Miranda', '04018815980', 5),
('2bbe823a-0b29-11ea-9b25-00155d82e02d', 'Patricia Silva de Melo', '06016511978', 5),
('2bbe8298-0b29-11ea-9b25-00155d82e02d', 'Adriana Fracheta Cardoso Gomes', '01899194932', 5),
('2bbe82f0-0b29-11ea-9b25-00155d82e02d', 'Alexander Bravo Barros', '06633654901', 5),
('2bbe834c-0b29-11ea-9b25-00155d82e02d', 'Alessandra Ribeiro Spina ', '03912578974', 5),
('2bbe83a3-0b29-11ea-9b25-00155d82e02d', 'Osana Terrinha da Silva', '03458437975', 5),
('2bbe83fb-0b29-11ea-9b25-00155d82e02d', 'Patricia Musialak Bueno', '06265489933', 6),
('2bbe8456-0b29-11ea-9b25-00155d82e02d', 'Flavia Elaine Tomen de Lima', '02341945961', 6),
('2bbe84b3-0b29-11ea-9b25-00155d82e02d', 'Felipe Lucio Ferreira Mota', '07116592903', 6),
('2bbe850b-0b29-11ea-9b25-00155d82e02d', 'Ruan Rodrigues', '08487619959', 6),
('2bbe8561-0b29-11ea-9b25-00155d82e02d', 'Daniel Berbel Gil', '00954447182', 6),
('2bbe85ba-0b29-11ea-9b25-00155d82e02d', 'Luciano Carvalho', '87448602934', 6),
('2bbe8614-0b29-11ea-9b25-00155d82e02d', 'Raquel Biscaia Adao', '02919639943', 6),
('2bbe866e-0b29-11ea-9b25-00155d82e02d', 'Rosecler Neuci Farias', '01863191933', 6),
('2bbe86c6-0b29-11ea-9b25-00155d82e02d', 'Willian Luis Polli Polato', '04885893984', 6),
('2bbe8723-0b29-11ea-9b25-00155d82e02d', 'Gilberto Caetano da Silva', '01910292974', 6),
('2bbe8781-0b29-11ea-9b25-00155d82e02d', 'Katia Guidolin Stromberg Kist', '04214061942', 7),
('2bbe87dd-0b29-11ea-9b25-00155d82e02d', 'Bruno Roberto Michna', '05211184920', 7),
('2bbe8836-0b29-11ea-9b25-00155d82e02d', 'Cloranir Marconcin Ciotti', '45069328972', 7),
('2bbe888f-0b29-11ea-9b25-00155d82e02d', 'Gislaine Silva Viana', '70575843187', 7),
('2bbe88e8-0b29-11ea-9b25-00155d82e02d', 'Pricila Calegari', '06606854938', 7),
('2bbe8f04-0b29-11ea-9b25-00155d82e02d', 'Micheli Marcante', '02279684926', 7),
('2bbe8f6e-0b29-11ea-9b25-00155d82e02d', 'Marcelo Ramon Duarte Vicenti', '01154654990', 7),
('2bbe8fc1-0b29-11ea-9b25-00155d82e02d', 'Claudio Oliveira Souza', '02888706970', 7),
('2bbe9019-0b29-11ea-9b25-00155d82e02d', 'Emanoel Tadeu Coelho Costa', '21998031802', 7),
('2bbe906a-0b29-11ea-9b25-00155d82e02d', 'Luiz de Lima e Silva', '71048600459', 7),
('2bbe90b9-0b29-11ea-9b25-00155d82e02d', 'Amarildo Geral da Costa', '69802149934', 7),
('2bbe9109-0b29-11ea-9b25-00155d82e02d', 'Francisco Sergio Abucater Lima', '27846156691', 7),
('2bbe9156-0b29-11ea-9b25-00155d82e02d', 'Caio Cesar Machado', '07199975937', 7),
('2bbe91a3-0b29-11ea-9b25-00155d82e02d', 'Maria de Fatima Vieira Viegas', '95420398915', 7),
('2bbe91f1-0b29-11ea-9b25-00155d82e02d', 'Marcia Cristina Flyssak', '02406552900', 7),
('2bbe926d-0b29-11ea-9b25-00155d82e02d', 'Andreia Azevedo de Carvalho', '85148377291', 8),
('2bbe92c1-0b29-11ea-9b25-00155d82e02d', 'Daniel Santos Borges Leal', '91641705272', 8),
('2bbe9310-0b29-11ea-9b25-00155d82e02d', 'Danilo Alencar da Costa', '92646557272', 8),
('2bbe935f-0b29-11ea-9b25-00155d82e02d', 'Fernando Souza Juarez', '84884398220', 8),
('2bbe93a9-0b29-11ea-9b25-00155d82e02d', 'Luiz Glauber Silva de Moura', '80297501291', 8),
('2bbe93f5-0b29-11ea-9b25-00155d82e02d', 'Marcelo Henrique Alves Lobão', '45903760244', 8),
('2bbe943e-0b29-11ea-9b25-00155d82e02d', 'Marilia Cunha Brabo', '16624173220', 8),
('2bbe9489-0b29-11ea-9b25-00155d82e02d', 'Milton Roberto Gomes', '26903571272', 8),
('2bbe94d3-0b29-11ea-9b25-00155d82e02d', 'Nader Mustapha Daher', '00506064255', 8),
('2bbe9520-0b29-11ea-9b25-00155d82e02d', 'Osvaldo Vieira da Cruz Junior', '93516258268', 8),
('2bbe9568-0b29-11ea-9b25-00155d82e02d', 'Sandra Suely C. Magalhães', '65828828215', 8),
('2bbe95b2-0b29-11ea-9b25-00155d82e02d', 'Shaula Maia da Silva', '77278810230', 8),
('2bbe95fd-0b29-11ea-9b25-00155d82e02d', 'Ana Paula Baia O. da Costa', '90666569215', 8),
('2bbe9647-0b29-11ea-9b25-00155d82e02d', 'Bruno Rego Chaves', '95403418253', 8),
('2bbe9693-0b29-11ea-9b25-00155d82e02d', 'Narciso Feitosa de Oliveira', '56530285253', 8),
('2bbe96de-0b29-11ea-9b25-00155d82e02d', 'Alice Abdon Garcia', '00424098296', 8),
('2bbe972a-0b29-11ea-9b25-00155d82e02d', 'Tales Antonio Magalhães Silva', '02086623240', 8),
('2bbe9776-0b29-11ea-9b25-00155d82e02d', 'Camila Nasser A. de Souza Lobo', '00280274262', 8),
('2bbe97bf-0b29-11ea-9b25-00155d82e02d', 'Cassiana Paula Sato', '48869414272', 8),
('2bbe9808-0b29-11ea-9b25-00155d82e02d', 'Laercia Lopes Ribeiro da Silva', '26866153204', 8),
('2bbe9852-0b29-11ea-9b25-00155d82e02d', 'Edivando de Souza Clarinho', '01627130292', 8),
('2bbe989c-0b29-11ea-9b25-00155d82e02d', 'João Batista da Lima Neto', '00781620252', 8),
('2bbe98e6-0b29-11ea-9b25-00155d82e02d', 'Mauro Yoshitsugu Moritsuka', '22325328287', 8),
('2bbe99ae-0b29-11ea-9b25-00155d82e02d', 'Rafael da Cunha Oliveira', '94760314253', 8),
('2bbe9a18-0b29-11ea-9b25-00155d82e02d', 'Adriana Topioca Bastos Sousa', '49233467520', 9),
('2bbe9a69-0b29-11ea-9b25-00155d82e02d', 'Adriano Ribeiro Basto Junior', '46413243520', 9),
('2bbe9ab1-0b29-11ea-9b25-00155d82e02d', 'Aianna Alves Santos', '02009357558', 9),
('2bbe9af8-0b29-11ea-9b25-00155d82e02d', 'Alexandre Jose Sapucaia Silva', '45488835504', 9),
('2bbe9b3c-0b29-11ea-9b25-00155d82e02d', 'Ana Cristina Lessa Santos', '15250164587', 9),
('2bbe9b84-0b29-11ea-9b25-00155d82e02d', 'Andrevan Merces de Sant anna', '96661330597', 9),
('2bbe9bcb-0b29-11ea-9b25-00155d82e02d', 'Angela Maria Freitas Fonseca', '20931042534', 9),
('2bbe9d56-0b29-11ea-9b25-00155d82e02d', 'Cleber Jordan Campelo Menezes', '07660073591', 9),
('2bbe9dc0-0b29-11ea-9b25-00155d82e02d', 'Daniel Dourado Brito', '05797871505', 9),
('2bbe9e0f-0b29-11ea-9b25-00155d82e02d', 'Fabiana Erudilho Ribeiro Coelho', '92010148568', 9),
('2bbe9e57-0b29-11ea-9b25-00155d82e02d', 'Francione da Silva Pires', '57717940582', 9),
('2bbe9e9f-0b29-11ea-9b25-00155d82e02d', 'Gildeneide Felix de Souza', '28918614500', 9),
('2bbe9ee7-0b29-11ea-9b25-00155d82e02d', 'Giovanna Fraga Vitoria Machado', '97704237500', 9),
('2bbe9f31-0b29-11ea-9b25-00155d82e02d', 'Glaubert Cerqueira Santos', '02051775575', 9),
('2bbe9f75-0b29-11ea-9b25-00155d82e02d', 'Helane Mota Rocha dos Reis', '89579550549', 9),
('2bbe9fba-0b29-11ea-9b25-00155d82e02d', 'Heliane de Freitas Cavalcante Mota', '35190426300', 9),
('2bbea000-0b29-11ea-9b25-00155d82e02d', 'Izabel Maiza dos Anjos Viana', '12437182500', 9),
('2bbea047-0b29-11ea-9b25-00155d82e02d', 'Jacqueline Menezes Santos', '80557732549', 9),
('2bbea08f-0b29-11ea-9b25-00155d82e02d', 'Jairo de Freitas Baptista Junior', '00443372560', 9),
('2bbea0d5-0b29-11ea-9b25-00155d82e02d', 'Jean Carlos da Silva Araujo', '49954130578', 9),
('2bbea11c-0b29-11ea-9b25-00155d82e02d', 'Luciana Mubarack Garcia', '50661485587', 9),
('2bbea164-0b29-11ea-9b25-00155d82e02d', 'Luciane Almeida Fraga Torres', '87732513568', 9),
('2bbea1a9-0b29-11ea-9b25-00155d82e02d', 'Luciano Alessandro F. Budihna', '40214400549', 9),
('2bbea1ed-0b29-11ea-9b25-00155d82e02d', 'Luiz Philipe Motta da Rocha', '04179214547', 9),
('2bbea232-0b29-11ea-9b25-00155d82e02d', 'Marco Antonio Lima Peixinho', '11765224500', 9),
('2bbea278-0b29-11ea-9b25-00155d82e02d', 'Maria Fatima Almeida de Queiroz', '53329740787', 9),
('2bbea2be-0b29-11ea-9b25-00155d82e02d', 'Maria Helena de Almeida Baptista', '16510011549', 9),
('2bbea306-0b29-11ea-9b25-00155d82e02d', 'Maria Julieta Teixeira', '19722150510', 9),
('2bbea34b-0b29-11ea-9b25-00155d82e02d', 'Mucio Jose Tourinho de Araujo', '27834786504', 9),
('2bbea391-0b29-11ea-9b25-00155d82e02d', 'Sidney Souza Nascimento', '10886095549', 9),
('2bbea3d5-0b29-11ea-9b25-00155d82e02d', 'Jeane Cassia Magalhaes Alves', '97389684100', 10),
('2bbea41e-0b29-11ea-9b25-00155d82e02d', 'Rosykelli Assis Prates', '01500682128', 10),
('2bbea465-0b29-11ea-9b25-00155d82e02d', 'Ismael Itamar de Morais', '95862439153', 10),
('2bbea4ac-0b29-11ea-9b25-00155d82e02d', 'Janaine Weiler', '69279187104', 10),
('2bbea4f0-0b29-11ea-9b25-00155d82e02d', 'Savia Cristina Teixeira de Carvalho', '41973771187', 10),
('2bbea537-0b29-11ea-9b25-00155d82e02d', 'Ildimara Helena Ribas', '32786190134', 10),
('2bbea57e-0b29-11ea-9b25-00155d82e02d', 'Ronise Botelho Pereira Araujo', '50277278104', 10),
('2bbea5c4-0b29-11ea-9b25-00155d82e02d', 'Jessika da Silva Medeiros', '01127524119', 10),
('2bbea60e-0b29-11ea-9b25-00155d82e02d', 'Eduardo Samuel de Arruda Mayal', '02347205145', 10),
('2bbea654-0b29-11ea-9b25-00155d82e02d', 'Greicy Silva Dias', '93141432104', 10),
('2bbea699-0b29-11ea-9b25-00155d82e02d', 'Cleia Maria Rondon Araujo', '59406488191', 10),
('2bbea6dd-0b29-11ea-9b25-00155d82e02d', 'Natalia Martins Magri', '02494704111', 4),
('2bbea740-0b29-11ea-9b25-00155d82e02d', 'Lucimara Lucia Floriano da Fonseca', '69519242104', 10),
('2bbf2a53-0b29-11ea-9b25-00155d82e02d', 'Esthefan Leopoldo Amorim da Silva', '00459605186', 10),
('2bbf2b45-0b29-11ea-9b25-00155d82e02d', 'Daiane Passos Lima', '35499550816', 10),
('2bbf2bc8-0b29-11ea-9b25-00155d82e02d', 'Thatielle Badini Carvalho dos Santos', '00586182101', 10),
('2bbf2c43-0b29-11ea-9b25-00155d82e02d', 'Thamara Thaliery dos Santos', '01959340166', 10),
('2bbf2cae-0b29-11ea-9b25-00155d82e02d', 'Magali Paula Bosa', '02953079947', 10),
('2bbf2d12-0b29-11ea-9b25-00155d82e02d', 'Marcelo Cross Bier', '00600996905', 10),
('2bbf2d79-0b29-11ea-9b25-00155d82e02d', 'Guilherme Clemente', '04538569933', 10),
('2bbf2ddf-0b29-11ea-9b25-00155d82e02d', 'Mauricio Fadel Peniche', '04158170990', 10),
('2bbf2e40-0b29-11ea-9b25-00155d82e02d', 'Talitha Weber Sestrem', '05669343964', 10),
('2bbf2e9d-0b29-11ea-9b25-00155d82e02d', 'Cassiano Aristimunha Dias', '01494016044', 10),
('2bbf2f02-0b29-11ea-9b25-00155d82e02d', 'Rosiane Rosset Carlimcovatti', '02327941970', 10),
('2bbf2f63-0b29-11ea-9b25-00155d82e02d', 'Sandra Luisa Covatti', '84775548972', 10),
('2bbf2fc4-0b29-11ea-9b25-00155d82e02d', 'Franciele Auler Ritter', '00709133073', 10),
('2bbf3022-0b29-11ea-9b25-00155d82e02d', 'Jean Marcel dos Santos', '02507570016', 10),
('2bbf3081-0b29-11ea-9b25-00155d82e02d', 'Marlice Elicelote Laux', '32491514087', 11),
('2bbf30e4-0b29-11ea-9b25-00155d82e02d', 'Priscila Rossato', '83006419049', 11),
('2bbf3144-0b29-11ea-9b25-00155d82e02d', 'Rogerio Zirbes', '43857515015', 11),
('2bbf31a4-0b29-11ea-9b25-00155d82e02d', 'Dayane Cordeiro', '06649148962', 11),
('2bbf320c-0b29-11ea-9b25-00155d82e02d', 'Fernando Damiani', '59625503900', 11),
('2bbf326d-0b29-11ea-9b25-00155d82e02d', 'Felipe Veroni Caldas', '02419819993', 11),
('2bbf32cc-0b29-11ea-9b25-00155d82e02d', 'Leiliane Aparecida Santos Gaspar', '04392393976', 11),
('2bbf332a-0b29-11ea-9b25-00155d82e02d', 'Paulo Cezar Tracz', '01830550985', 11),
('2bbf3387-0b29-11ea-9b25-00155d82e02d', 'Jose Isabelino Barragana Coelho', '61258830000', 11),
('2bbf33e7-0b29-11ea-9b25-00155d82e02d', 'Ozaias Gapski Teixeira', '02222188946', 11),
('2bbf3442-0b29-11ea-9b25-00155d82e02d', 'Ayra Moura Cordeiro', '06514284914', 12),
('2bbf34a8-0b29-11ea-9b25-00155d82e02d', 'Liliane Lava', '08272146932', 12),
('2bbf3506-0b29-11ea-9b25-00155d82e02d', 'Sandra Maria Skoropada', '06099121943', 12),
('2bbf35d1-0b29-11ea-9b25-00155d82e02d', 'Rubens Voidelo', '02182651900', 12),
('2bbf3673-0b29-11ea-9b25-00155d82e02d', 'Eduarda Cinzia dos Santos', '06993756900', 12),
('2bbf36d0-0b29-11ea-9b25-00155d82e02d', 'Dulce Terezinha Hanauer de Sales', '77286863991', 12),
('2bbf372a-0b29-11ea-9b25-00155d82e02d', 'Sorli Domingos Porto', '00129123951', 12),
('2bbf3784-0b29-11ea-9b25-00155d82e02d', 'Vanessa da Silva Rodrigues', '01195180900', 12),
('2bbf37dd-0b29-11ea-9b25-00155d82e02d', 'Lilian da Mata Medeiros', '92201393915', 12),
('2bbf3837-0b29-11ea-9b25-00155d82e02d', 'Marizete Aparecida Serraglio Sega', '72421690978', 12),
('2bbf3892-0b29-11ea-9b25-00155d82e02d', 'Ana Maria Brenner Silva', '02754543988', 12),
('2bbf38ea-0b29-11ea-9b25-00155d82e02d', 'Damaris Goncalves Josepetti', '80160670934', 12),
('2bbf3942-0b29-11ea-9b25-00155d82e02d', 'Edson Hideyuki Otani', '52049027915', 12),
('2bbf3999-0b29-11ea-9b25-00155d82e02d', 'Felipe Rodrigues da Silva', '09584449940', 12),
('2bbf39f3-0b29-11ea-9b25-00155d82e02d', 'Emanuelle Stutz', '04701510998', 12),
('2bbf3a50-0b29-11ea-9b25-00155d82e02d', 'Germano Geraldo Klein Neto', '02881256902', 12),
('2bbf3aa5-0b29-11ea-9b25-00155d82e02d', 'Marcelo Goras Sorato', '01572887907', 12),
('2bbf3af8-0b29-11ea-9b25-00155d82e02d', 'Monica Jankovski', '05357669962', 12),
('2bbf3b51-0b29-11ea-9b25-00155d82e02d', 'Steeve Beloni Correa Dielle Dias', '01863536930', 12),
('2bbf3ba7-0b29-11ea-9b25-00155d82e02d', 'Ayra Moura Cordeiro', '06514284914', 13),
('2bbf3bfb-0b29-11ea-9b25-00155d82e02d', 'Liliane Lava', '08272146932', 13),
('2bbf3c54-0b29-11ea-9b25-00155d82e02d', 'Sandra Maria Skoropada', '06099121943', 13),
('2bbf3ca8-0b29-11ea-9b25-00155d82e02d', 'Rubens Voidelo', '02182651900', 13),
('2bbf3cfe-0b29-11ea-9b25-00155d82e02d', 'Eduarda Cinzia dos Santos', '06993756900', 13),
('2bbf3d50-0b29-11ea-9b25-00155d82e02d', 'Dulce Terezinha Hanauer de Sales', '77286863991', 13),
('2bbf3da3-0b29-11ea-9b25-00155d82e02d', 'Sorli Domingos Porto', '00129123951', 13),
('2bbf3df9-0b29-11ea-9b25-00155d82e02d', 'Vanessa da Silva Rodrigues', '01195180900', 13),
('2bbf3e4e-0b29-11ea-9b25-00155d82e02d', 'Lilian da Mata Medeiros', '92201393915', 13),
('2bbf3ea1-0b29-11ea-9b25-00155d82e02d', 'Marizete Aparecida Serraglio Sega', '72421690978', 13),
('2bbf3ef4-0b29-11ea-9b25-00155d82e02d', 'Ana Maria Brenner Silva', '02754543988', 13),
('2bbf3f45-0b29-11ea-9b25-00155d82e02d', 'Damaris Goncalves Josepetti', '80160670934', 13),
('2bbf3f9b-0b29-11ea-9b25-00155d82e02d', 'Edson Hideyuki Otani', '52049027915', 13),
('2bbf3ff1-0b29-11ea-9b25-00155d82e02d', 'Felipe Rodrigues da Silva', '09584449940', 13),
('2bbf403f-0b29-11ea-9b25-00155d82e02d', 'Emanuelle Stutz', '04701510998', 13),
('2bbf4094-0b29-11ea-9b25-00155d82e02d', 'Germano Geraldo Klein Neto', '02881256902', 13),
('2bbf40e5-0b29-11ea-9b25-00155d82e02d', 'Marcelo Goras Sorato', '01572887907', 13),
('2bbf4137-0b29-11ea-9b25-00155d82e02d', 'Monica Jankovski', '05357669962', 13),
('2bbf418d-0b29-11ea-9b25-00155d82e02d', 'Steeve Beloni Correa Dielle Dias', '01863536930', 13),
('2bbf41df-0b29-11ea-9b25-00155d82e02d', 'Altair Rodrigues Valim', '45729735200', 14),
('2bbf423a-0b29-11ea-9b25-00155d82e02d', 'Antonio Jose de Ribamar Monteiro', '28583655200', 14),
('2bbf428c-0b29-11ea-9b25-00155d82e02d', 'Aylla Barrozo de Paiva Moura', '01396732292', 14),
('2bbf42db-0b29-11ea-9b25-00155d82e02d', 'Bruno Vieira de Sousa', '80840809204', 14),
('2bbf432f-0b29-11ea-9b25-00155d82e02d', 'Eliamar Moreira da Silva Pardim', '45690251291', 14),
('2bbf4383-0b29-11ea-9b25-00155d82e02d', 'Elizangela Gomes Morais', '88443701234', 14),
('2bbf43d9-0b29-11ea-9b25-00155d82e02d', 'Everson Luciano Germiniano da Silva', '61697605249', 14),
('2bbf442c-0b29-11ea-9b25-00155d82e02d', 'Fabiano Santos Amorim', '84111530278', 14),
('2bbf4481-0b29-11ea-9b25-00155d82e02d', 'Fabiola Menegosso Dias', '02276987979', 14),
('2bbf44d8-0b29-11ea-9b25-00155d82e02d', 'Gilson Santos Matos Junior', '84017317553', 14),
('2bbf4532-0b29-11ea-9b25-00155d82e02d', 'Helio Alves de Araujo', '59271809220', 14),
('2bbf4585-0b29-11ea-9b25-00155d82e02d', 'Ivanir Barreira de Jesus', '63444194234', 14),
('2bbf45d8-0b29-11ea-9b25-00155d82e02d', 'Jessica Bazan Padilha Graciliano', '93525052200', 14),
('2bbf462c-0b29-11ea-9b25-00155d82e02d', 'Clovis Alberto Pompeu Teixeira', '29714141168', 14),
('2bbf467d-0b29-11ea-9b25-00155d82e02d', 'Josineide Barbosa L. A. Ferreira', '62928449272', 14),
('2bbf46cf-0b29-11ea-9b25-00155d82e02d', 'Juarez Alexandre Carneiro', '11336145234', 14),
('2bbf471f-0b29-11ea-9b25-00155d82e02d', 'Luciana Pereira de Souza', '76065936200', 14),
('2bbf4778-0b29-11ea-9b25-00155d82e02d', 'Paulo Augusto de Arruda Fainello', '00690735200', 14),
('2bbf47cc-0b29-11ea-9b25-00155d82e02d', 'Suelem Torres Silva', '81420293249', 14),
('2bbf4820-0b29-11ea-9b25-00155d82e02d', 'Talita Brilhante Santana Azavedo', '98784846291', 14),
('2bbf4875-0b29-11ea-9b25-00155d82e02d', 'Vanessa Luana Alves de Assis', '93479484204', 14),
('2bbf48cb-0b29-11ea-9b25-00155d82e02d', 'Vanessa Sena Torres Araujo', '93561130259', 14),
('2bbf491b-0b29-11ea-9b25-00155d82e02d', 'Anderson Pacheco', '00634623621', 15),
('2bbf4970-0b29-11ea-9b25-00155d82e02d', 'Daniela Cerqueira de Santana Laurentino', '79648398534', 15),
('2bbf49c4-0b29-11ea-9b25-00155d82e02d', 'Jacira da Natividade de Oliveira Souza', '82353700500', 15),
('2bbf4a16-0b29-11ea-9b25-00155d82e02d', 'Joao Alberto Dias Galvao', '01894987578', 15),
('2bbf4a69-0b29-11ea-9b25-00155d82e02d', 'Sueli Souza de Almeida Oliveira', '88650847587', 15),
('2bbf4aba-0b29-11ea-9b25-00155d82e02d', 'Maria Aparecida Alves Baltar', '73058114591', 15),
('2bbf4b0d-0b29-11ea-9b25-00155d82e02d', 'Gilberte Lucas', '96337265572', 15),
('2bbf4b60-0b29-11ea-9b25-00155d82e02d', 'Alcimara dos Santos Oliveira', '02014551537', 15),
('2bbf4bb0-0b29-11ea-9b25-00155d82e02d', 'Kennyn Almerio Santiago Diniz', '03496321547', 15),
('2bbf4c03-0b29-11ea-9b25-00155d82e02d', 'Vinicius Gonçalves Ribeiro', '11034448404', 15),
('2bbf4c58-0b29-11ea-9b25-00155d82e02d', 'Ruth Lima de Carvalho Gomes', '02972588185', 15),
('2bbf4cad-0b29-11ea-9b25-00155d82e02d', 'Elton Montalvão', '26007185591', 15),
('2bbf4cff-0b29-11ea-9b25-00155d82e02d', 'Roberto Silva Mendonca', '03131745711', 16),
('2bbf4d52-0b29-11ea-9b25-00155d82e02d', 'Ricardo Alves Gomes', '85746045772', 16),
('2bbf4da4-0b29-11ea-9b25-00155d82e02d', 'Virginia Rodrigues Fassarela Pereira', '06842625769', 16),
('2bbf4df7-0b29-11ea-9b25-00155d82e02d', 'Arnaldo Stoque dos Santos', '12043853783', 16),
('2bbf4e46-0b29-11ea-9b25-00155d82e02d', 'Carolina Cavaignac de Andrade', '10047984740', 16),
('2bbf4ea0-0b29-11ea-9b25-00155d82e02d', 'Moema Mendonca de Andrade', '10146844718', 16),
('2bbf4ef5-0b29-11ea-9b25-00155d82e02d', 'Jenifer da Silva Guitz', '09240984739', 16),
('2bbf4f49-0b29-11ea-9b25-00155d82e02d', 'Marcos de Castro Martins da Silva', '07326385777', 16),
('2bbf5138-0b29-11ea-9b25-00155d82e02d', 'Luiz Felipe de Oliveira', '10973304782', 16),
('2bbf51ae-0b29-11ea-9b25-00155d82e02d', 'Robson Neylon Guimaraes Laudeuser', '03744437779', 16),
('2bbf5204-0b29-11ea-9b25-00155d82e02d', 'Alexandre Campos Machado', '02380350779', 16),
('2bbf5253-0b29-11ea-9b25-00155d82e02d', 'Maria Clara Chaves Assuncao', '11787492745', 16),
('2bbf52a3-0b29-11ea-9b25-00155d82e02d', 'Vania Goulart R. de Melo R. de Sousa', '04446222767', 16),
('2bbf52f2-0b29-11ea-9b25-00155d82e02d', 'Tiberio Vitoriano Benevides de Magalhaes', '12137693372', 17),
('2bbf5341-0b29-11ea-9b25-00155d82e02d', 'Asael Ferreira da Costa', '21384185372', 17),
('2bbf538f-0b29-11ea-9b25-00155d82e02d', 'Francisco Sergio de Vasconcelos Bezerra', '18329608700', 17),
('2bbf53d9-0b29-11ea-9b25-00155d82e02d', 'Marcosuel Silva Souza', '82754136568', 17),
('2bbf5428-0b29-11ea-9b25-00155d82e02d', 'Samuel Arthur Prado', '22108025804', 17),
('2bbf5475-0b29-11ea-9b25-00155d82e02d', 'Mario Augusto Pereira de Almeida', '09561056534', 17),
('2bbf54c2-0b29-11ea-9b25-00155d82e02d', 'Roberval Nobrega Evangelista', '78124239568', 17),
('2bbfc22b-0b29-11ea-9b25-00155d82e02d', 'Hugo Leonardo Dias Rocha', '09839797743', 17),
('2bbfc2f0-0b29-11ea-9b25-00155d82e02d', 'Luiz Carlos Tofano', '57574685720', 17),
('2bbfc357-0b29-11ea-9b25-00155d82e02d', 'Inelda Reisen', '52711552772', 17),
('2bbfc3ba-0b29-11ea-9b25-00155d82e02d', 'Maria Rego de Negreiro Santos', '59834668104', 17),
('2bbfc418-0b29-11ea-9b25-00155d82e02d', 'Wilker de Souza Ponciano Costa', '07419884455', 17),
('2bbfc475-0b29-11ea-9b25-00155d82e02d', 'Leandro Carlos Bonierski', '02478914956', 17),
('2bbfc4d2-0b29-11ea-9b25-00155d82e02d', 'Zenaide Carpanez', '58321063934', 17),
('2bbfc52e-0b29-11ea-9b25-00155d82e02d', 'Fabiano Dias Cardoso', '04859001656', 17),
('2bbfc58b-0b29-11ea-9b25-00155d82e02d', 'Reinaldo Moreira Florencio', '15045617672', 17),
('2bbfc712-0b29-11ea-9b25-00155d82e02d', 'Atenagoras Cafe Carvalhais Junior', '06695168644', 17),
('2bbfc791-0b29-11ea-9b25-00155d82e02d', 'Carlos Frederico Loiola', '59815078615', 17),
('2bbfc7fb-0b29-11ea-9b25-00155d82e02d', 'Manoel de Oliveira Queiroz Junior', '47634634204', 17),
('2bbfc85a-0b29-11ea-9b25-00155d82e02d', 'Eliane de Souza Carvalho', '91288274653', 17),
('2bbfc8b8-0b29-11ea-9b25-00155d82e02d', 'Flavia Borges de Andrade', '03308113635', 17),
('2bbfc914-0b29-11ea-9b25-00155d82e02d', 'Carla Ribeiro de Carvalho', '61101877049', 17),
('2bbfc96d-0b29-11ea-9b25-00155d82e02d', 'Cheila da Silva Chagas', '00637384067', 17),
('2bbfc9c8-0b29-11ea-9b25-00155d82e02d', 'Alexandre Noal dos Santos', '99511495020', 17),
('2bbfca23-0b29-11ea-9b25-00155d82e02d', 'Willian Ferreira Borges', '03429999154', 17),
('2bbfca7e-0b29-11ea-9b25-00155d82e02d', 'Marli Rodrigues Baranhuk', '77489756987', 17),
('2bbfcadc-0b29-11ea-9b25-00155d82e02d', 'Alessandro Rissardi', '03077928973', 17),
('2bbfcb3b-0b29-11ea-9b25-00155d82e02d', 'Carlos Henrique Zanetti', '81570180997', 17),
('2bbfcb9d-0b29-11ea-9b25-00155d82e02d', 'Gean Anderson Silva', '01979192944', 17),
('2bbfcbf9-0b29-11ea-9b25-00155d82e02d', 'Antonio Linares Filho', '15626474900', 17),
('2bbfcc52-0b29-11ea-9b25-00155d82e02d', 'Izaias Rodrigues Aquino', '02931597937', 17),
('2bbfccad-0b29-11ea-9b25-00155d82e02d', 'Luiz Carlos Ribeiro', '44783884900', 17),
('2bbfcd07-0b29-11ea-9b25-00155d82e02d', 'Handres de Paula Guedes', '68064195934', 17),
('2bbfcd62-0b29-11ea-9b25-00155d82e02d', 'Marcos Aurelio Carnelozi', '03116892997', 17),
('2bbfcdba-0b29-11ea-9b25-00155d82e02d', 'Diogenes Antonio Pepe', '07185308887', 17),
('2bbfce10-0b29-11ea-9b25-00155d82e02d', 'Jaqueline Noguti Okamori', '21808818865', 17),
('2bbfce68-0b29-11ea-9b25-00155d82e02d', 'Marcelo Francisco Rosa', '28202721857', 17),
('2bbfcebf-0b29-11ea-9b25-00155d82e02d', 'Pamela de Carvalho Castanho', '43064757865', 17),
('2bbfcf1c-0b29-11ea-9b25-00155d82e02d', 'Jose Avelino Rosa', '02621797849', 17),
('2bbfcf77-0b29-11ea-9b25-00155d82e02d', 'Luciana Miranda Silva', '17234821880', 17),
('2bc04f81-0b29-11ea-9b25-00155d82e02d', 'Thais Silva Oliveira', '03224606118', 17),
('2bc05049-0b29-11ea-9b25-00155d82e02d', 'Wemenson Oliveira de Andrade', '03446067400', 17),
('2bc050c7-0b29-11ea-9b25-00155d82e02d', 'Carlos Tadeu Morais de Melo', '46893571453', 17),
('2bc05133-0b29-11ea-9b25-00155d82e02d', 'Eliney Correa Porto', '51532778287', 17),
('2bc05192-0b29-11ea-9b25-00155d82e02d', 'Lucas Tadeu Saldanha Rezende', '09452511656', 17),
('2bc051f1-0b29-11ea-9b25-00155d82e02d', 'Gustavo Fernandes Vieira', '81272839591', 17),
('2bc05246-0b29-11ea-9b25-00155d82e02d', 'Marcelo Dourado Costa', '90752716620', 17),
('2bc0529c-0b29-11ea-9b25-00155d82e02d', 'Fabiana Vaz de Almeida', '84337451157', 17),
('2bc0d588-0b29-11ea-9b25-00155d82e02d', 'Ligia Maria Duque Johnson de Assis', '85358126872', 17),
('2bc0d63e-0b29-11ea-9b25-00155d82e02d', 'Silmara de Souza Dias', '01650134274', 17),
('2bc0d6a4-0b29-11ea-9b25-00155d82e02d', 'Carolina Albuquerque do Valle', '81062230272', 17),
('2bc0d703-0b29-11ea-9b25-00155d82e02d', 'Rodrigo Dornbusch de Moura Ferro', '84530871991', 17),
('2bc0d757-0b29-11ea-9b25-00155d82e02d', 'Terezinha Emilia Turnes', '17928567920', 17),
('2bc0d7a8-0b29-11ea-9b25-00155d82e02d', 'Eduardo Roberto Vieira', '01893296962', 17),
('2bc0d7f7-0b29-11ea-9b25-00155d82e02d', 'Joao Pedro da Silva Rosa', '36940909087', 17),
('2bc0d846-0b29-11ea-9b25-00155d82e02d', 'Tarcisio da Silva Oliveira', '07794576920', 17),
('2bc0d89e-0b29-11ea-9b25-00155d82e02d', 'Silvana Monte Trindade dos Santos', '44037252287', 17),
('2bc0d8ee-0b29-11ea-9b25-00155d82e02d', 'Ruth Maria Garcia Coelho', '02970546272', 17),
('2bc0d93a-0b29-11ea-9b25-00155d82e02d', 'Adriana Souza Ferreira Marques', '58630546204', 17),
('2bc0d98a-0b29-11ea-9b25-00155d82e02d', 'Aline Benedita Dias Pestana', '01431819557', 17),
('2bc0d9d8-0b29-11ea-9b25-00155d82e02d', 'Anderson de Freitas e Silva', '02913724302', 17),
('2bc0da27-0b29-11ea-9b25-00155d82e02d', 'Jose Luciano Freitas H. A. Lins Filho', '03697997394', 17),
('2bc0da70-0b29-11ea-9b25-00155d82e02d', 'Geovane da Silva Vieira', '37325795300', 17),
('2bc0dabc-0b29-11ea-9b25-00155d82e02d', 'Roberto Salvo', '13335049004', 17),
('2bc0db06-0b29-11ea-9b25-00155d82e02d', 'Cristian Linn Feoli', '63229560000', 17),
('2bc0db51-0b29-11ea-9b25-00155d82e02d', 'Etiana Magalhaes Pedroso', '88396576068', 17),
('2bc0db9c-0b29-11ea-9b25-00155d82e02d', 'Jackson Silva Paulo Ferreira', '02996315677', 17),
('2bc0dbea-0b29-11ea-9b25-00155d82e02d', 'Kelly Costa Moura', '59362278200', 17),
('2bc0dc35-0b29-11ea-9b25-00155d82e02d', 'Willian Tomasi Perin', '05290760989', 17),
('2bc0dc82-0b29-11ea-9b25-00155d82e02d', 'Thalissa Neves Costa', '01532817312', 17),
('2bc0dccd-0b29-11ea-9b25-00155d82e02d', 'Larissa Cristina Filgueiras Fonseca', '02740802307', 17),
('2bc0dd19-0b29-11ea-9b25-00155d82e02d', 'Jorge Luiz Serra Coelho', '06751644353', 17),
('2bc0dd67-0b29-11ea-9b25-00155d82e02d', 'Jose Alvaro Costa', '06250378391', 17),
('2bc0ddb2-0b29-11ea-9b25-00155d82e02d', 'Laurindo Peixoto Ezequiel', '21740950330', 17),
('2bc0ddfc-0b29-11ea-9b25-00155d82e02d', 'Ana Rachel Cruz de Oliveira Areque', '59613696253', 17),
('2bc0de48-0b29-11ea-9b25-00155d82e02d', 'Livia Alves Luz Bolognesi', '37454072534', 17),
('2bc0de93-0b29-11ea-9b25-00155d82e02d', 'Maria Ines Michells', '51936348934', 17),
('2bc0dedd-0b29-11ea-9b25-00155d82e02d', 'Dr Gustavo Mansur Schimaleski', '00991810961', 17),
('2bc0df29-0b29-11ea-9b25-00155d82e02d', 'Tatiana de Souza Moura', '10087056755', 17),
('2bc0df74-0b29-11ea-9b25-00155d82e02d', 'Carla Dias Belmonte', '10357983793', 17),
('2bc0dfde-0b29-11ea-9b25-00155d82e02d', 'Lorena Baia de Oliveira Alencar', '85051020100', 17),
('2bc0e02c-0b29-11ea-9b25-00155d82e02d', 'Edmar Godoy Viggiano Pereira', '50006398120', 17),
('316ff414-4869-11ea-abf9-00155d82e02d', 'Marcos Aurelio Carnelozi', '03116892997', 20),
('316ff85a-4869-11ea-abf9-00155d82e02d', 'Fabiana Vaz de Almeida', '84337451153', 20),
('316ff98c-4869-11ea-abf9-00155d82e02d', 'Juliana Zafino Isidoro Ferreira Mendes', '79272711134', 20),
('316ffa70-4869-11ea-abf9-00155d82e02d', 'Hildenete Monteiro Fortes', '26698099791', 20),
('316ffb47-4869-11ea-abf9-00155d82e02d', 'Lucia Helena Barboza Samapaio', '73521914704', 20),
('316ffc1c-4869-11ea-abf9-00155d82e02d', 'Debora Andrea Castiglioni Alves', '45921695149', 20),
('316ffcd5-4869-11ea-abf9-00155d82e02d', 'Gilvania Medeiros Soares', '55004652104', 20),
('316ffd87-4869-11ea-abf9-00155d82e02d', 'Jose Procopio da Silva Filho', '16326504104', 20),
('316ffe39-4869-11ea-abf9-00155d82e02d', 'Lorena Baia de Oliveira Alencar', '85051020100', 20),
('316ffeed-4869-11ea-abf9-00155d82e02d', 'Edmar Godoy Viggiano Pereira', '50006398120', 20),
('316fff97-4869-11ea-abf9-00155d82e02d', 'Celia Mazza de Souza', '40524299900', 20),
('31700038-4869-11ea-abf9-00155d82e02d', 'Mauricio Cardodo da Silva', '02359284967', 20),
('317000e4-4869-11ea-abf9-00155d82e02d', 'Leandro Carlos Bonierski', '02478914956', 20),
('3170018b-4869-11ea-abf9-00155d82e02d', 'Edith Zulato Chaves Figueiredo', '67884598604', 20),
('31700233-4869-11ea-abf9-00155d82e02d', 'Ana Carolina Matoso Lima Diamantino', '01312396601', 20),
('317002dc-4869-11ea-abf9-00155d82e02d', 'Jackson Silva Paulo Ferreira', '02996315677', 20),
('3170038b-4869-11ea-abf9-00155d82e02d', 'Ana Marta da Silva', '03550812884', 20),
('31700441-4869-11ea-abf9-00155d82e02d', 'Marco Antonio  Rostirolla', '72864729768', 20),
('317004eb-4869-11ea-abf9-00155d82e02d', 'Renato Botelho de Lima', '04797192682', 20),
('3170059a-4869-11ea-abf9-00155d82e02d', 'Jehu Pinto de Aguiar Filho', '13304593691', 20),
('31700642-4869-11ea-abf9-00155d82e02d', 'Magno Luiz Coelho de Moura', '00875587690', 20),
('317006f1-4869-11ea-abf9-00155d82e02d', 'Marli Rodrigues Baranhuk', '77489756987', 20),
('3170079e-4869-11ea-abf9-00155d82e02d', 'Antonio Linhares Filho', '15626474900', 20),
('31700844-4869-11ea-abf9-00155d82e02d', 'Tais Regina Voziniak da Silva', '03363010907', 20),
('317008ec-4869-11ea-abf9-00155d82e02d', 'Edson Moresco', '01786389940', 20),
('317009a4-4869-11ea-abf9-00155d82e02d', 'Elisama Rodrigues da Silva', '07840297927', 20),
('31700a4c-4869-11ea-abf9-00155d82e02d', 'Juliane Marafon', '93839030900', 20),
('31700af4-4869-11ea-abf9-00155d82e02d', 'Raimundo Oliveira Viana', '00138550263', 20),
('31700b99-4869-11ea-abf9-00155d82e02d', 'Karina Moreira Nunes', '61367753368', 20),
('31700c41-4869-11ea-abf9-00155d82e02d', 'Jose Marcelo Vargas Pinto', '40848612353', 20),
('31700ce3-4869-11ea-abf9-00155d82e02d', 'Fabricio da Silva Santos', '73297852291', 20),
('31700d89-4869-11ea-abf9-00155d82e02d', 'Livia Alves Luz Bolognesi', '37454072534', 20),
('31700e32-4869-11ea-abf9-00155d82e02d', 'Patricia Rossafa Branco', '02393932950', 20),
('31700fc8-4869-11ea-abf9-00155d82e02d', 'Nelson Henrique de Carvalho', '43192866500', 20),
('317010f5-4869-11ea-abf9-00155d82e02d', 'Rogerio Araujo Costa', '90586913572', 20),
('3170121a-4869-11ea-abf9-00155d82e02d', 'Maristela Moreira Amorim', '74997653500', 20),
('317012ed-4869-11ea-abf9-00155d82e02d', 'Gilberto Militao de Oliveira', '12608483534', 20),
('317013c9-4869-11ea-abf9-00155d82e02d', 'Ubirajara Fernandes da Silva', '69732329672', 20),
('31701480-4869-11ea-abf9-00155d82e02d', 'Leandro Carvalho Estrela do Vale', '03385445507', 20),
('31701535-4869-11ea-abf9-00155d82e02d', 'Gleidson Ramos dos Santos', '03598700580', 20),
('317015e6-4869-11ea-abf9-00155d82e02d', 'Jeferson dos Santos Miranda', '02202036520', 20),
('3170169c-4869-11ea-abf9-00155d82e02d', 'Joedson Leite dos Santos', '03452547590', 20),
('3170174b-4869-11ea-abf9-00155d82e02d', 'Maria Elisabete Vila Nova', '04850102409', 20),
('317017f5-4869-11ea-abf9-00155d82e02d', 'Sonia Rodrigues Pessoa', '52697207449', 20),
('317018a0-4869-11ea-abf9-00155d82e02d', 'Jairo Rodrigues da Silva', '00391292684', 20),
('31701952-4869-11ea-abf9-00155d82e02d', 'Bruce Amir Dacier Lobato de Almeida', '03859611623', 20),
('317019f0-4869-11ea-abf9-00155d82e02d', 'Marize dos Santos Silva', '61934666491', 20),
('3170d67d-4869-11ea-abf9-00155d82e02d', 'Suzana Dantas dos Santos', '25794172819', 20),
('3170d870-4869-11ea-abf9-00155d82e02d', 'Carlos Magno dos Reis Michaelis Junior', '28088634882', 20),
('3170d96a-4869-11ea-abf9-00155d82e02d', 'Christina Hajaj Gonzalez', '14774228893', 20),
('3170da3a-4869-11ea-abf9-00155d82e02d', 'Lucio Tadeu Figueiredo', '03775005854', 20),
('3170db04-4869-11ea-abf9-00155d82e02d', 'Angelo Vattimo', '03467739890', 20),
('3170dbc2-4869-11ea-abf9-00155d82e02d', 'Maria Alice Saccani Scardoelli', '48560570063', 20),
('3170dc7f-4869-11ea-abf9-00155d82e02d', 'Lyane Gomes de Matos Teixeira Cardoso Alves', '44094302387', 20),
('3170dd37-4869-11ea-abf9-00155d82e02d', 'Mauricio Albarelli Seoud', '13007536847', 20),
('3170df09-4869-11ea-abf9-00155d82e02d', 'Claudionaldo Soares da Camara', '48103934453', 20),
('3170dfe0-4869-11ea-abf9-00155d82e02d', 'Helder Borges Assis', '43120130125', 20),
('3170e0a5-4869-11ea-abf9-00155d82e02d', 'Zirley dos Reis Faleiro', '32091559172', 20),
('3170e166-4869-11ea-abf9-00155d82e02d', 'Marize de Almeida Sales Pereira', '61981125191', 20),
('3170e221-4869-11ea-abf9-00155d82e02d', 'Fabricia Gomes Dias Candini', '77049020168', 20),
('3170e2d7-4869-11ea-abf9-00155d82e02d', 'Claudineia Goncalves Rocha', '16641163890', 20),
('3170e3c4-4869-11ea-abf9-00155d82e02d', 'Fillipe Guimaraes de Araujo', '95209883191', 20),
('3170e492-4869-11ea-abf9-00155d82e02d', 'Glaucia Costa de Moraes', '08242618607', 20),
('3170e6a5-4869-11ea-abf9-00155d82e02d', 'Karen Cristina Nascimento Ferreira', '03647469122', 20),
('3170e781-4869-11ea-abf9-00155d82e02d', 'Alex Sandro Rodrigues Baiense', '01085150798', 20),
('3170e83e-4869-11ea-abf9-00155d82e02d', 'Ivanilde Fabrette', '08412618149', 20),
('3170e904-4869-11ea-abf9-00155d82e02d', 'Bruna Florencio Moreira', '08424935659', 20),
('317106bf-4869-11ea-abf9-00155d82e02d', 'Ricardo Lotif Araujo', '54457220310', 20),
('317107e5-4869-11ea-abf9-00155d82e02d', 'Evelise Arispe de Campos', '55341233034', 20),
('3171d20d-4869-11ea-abf9-00155d82e02d', 'Fabiane Konowaluk Santos Machado', '67716725068', 20),
('3171d3a5-4869-11ea-abf9-00155d82e02d', 'Silvania da Silva Silvestre Cabral', '28779509649', 20),
('3171d45c-4869-11ea-abf9-00155d82e02d', 'Juliano Pelisari Lima', '00004582101', 20),
('3171d4e2-4869-11ea-abf9-00155d82e02d', 'Dulcianne Beckhauser Borchardt', '06243148980', 20),
('3171d569-4869-11ea-abf9-00155d82e02d', 'Claudine de Medeiros Saldanha Cunha', '74790315991', 20),
('3171d5de-4869-11ea-abf9-00155d82e02d', 'Angelo Murilo Bartilotti', '03806232504', 20),
('3171d64a-4869-11ea-abf9-00155d82e02d', 'Lucival Ciriaco Cerqueira Santos', '99104156587', 20),
('3171d6bc-4869-11ea-abf9-00155d82e02d', 'Luana Costa Peruna', '83376895520', 20),
('3171d72f-4869-11ea-abf9-00155d82e02d', 'Roberto Salvo', '13335049004', 20),
('3171d79e-4869-11ea-abf9-00155d82e02d', 'Cristian Linn Feoli', '63229560000', 20),
('3171d807-4869-11ea-abf9-00155d82e02d', 'Lucas de Souza Dias', '01008223042', 20),
('3171d870-4869-11ea-abf9-00155d82e02d', 'Raffael Chimborski', '07120203908', 20),
('3171d8d4-4869-11ea-abf9-00155d82e02d', 'Luciano de Araujo Souza', '83505075272', 20),
('3171d939-4869-11ea-abf9-00155d82e02d', 'Jeferson Cordeiro Lima', '58378693287', 20),
('3171da51-4869-11ea-abf9-00155d82e02d', 'Maria do Ceu Silva Campos', '42555582215', 20),
('3171db03-4869-11ea-abf9-00155d82e02d', 'Rhuan Bittencourt', '07955968980', 20),
('3171dba1-4869-11ea-abf9-00155d82e02d', 'Sergio Satoru Mori', '62384228900', 20),
('3171dc0d-4869-11ea-abf9-00155d82e02d', 'Fabio de Brito Moreira', '03379836907', 20),
('3171dc72-4869-11ea-abf9-00155d82e02d', 'Nathalia  Nogueira Amorim', '01887355502', 20),
('3171dcd3-4869-11ea-abf9-00155d82e02d', 'Evandro de Alencar Carvalho', '40007685491', 20),
('3171dd3a-4869-11ea-abf9-00155d82e02d', 'Nancy Goncalves Santos', '48967793391', 20),
('3171dd9d-4869-11ea-abf9-00155d82e02d', 'Jackson Belfort Souza', '96638214349', 20),
('3171de02-4869-11ea-abf9-00155d82e02d', 'Gabriela Cristina Correa', '07960880980', 20),
('3171dfb5-4869-11ea-abf9-00155d82e02d', 'Marcio Luiz de Almeida', '81958994049', 20),
('3171e026-4869-11ea-abf9-00155d82e02d', 'Eduardo Roberto Vieira', '01893296962', 20),
('3171e093-4869-11ea-abf9-00155d82e02d', 'Joao Pedro da Silva Rosa', '36940909087', 20),
('3171e0fa-4869-11ea-abf9-00155d82e02d', 'Carlos Manuel Romani', '16586409934', 20),
('3171e162-4869-11ea-abf9-00155d82e02d', 'Luciane Schmidt de Moura', '00436463954', 20),
('31727bf4-4869-11ea-abf9-00155d82e02d', 'Christiano Marcello Borges da Silva Souza', '69960135500', 20),
('31727db4-4869-11ea-abf9-00155d82e02d', 'Ana Patricia Oliveira dos Santos', '95594159568', 20),
('31727ece-4869-11ea-abf9-00155d82e02d', 'Michele Oliveira dos Santos', '81345496591', 20),
('31728250-4869-11ea-abf9-00155d82e02d', 'Livia Silva dos Santos', '43216935515', 20),
('3172838a-4869-11ea-abf9-00155d82e02d', 'Sandra Zamboli Fontana', '25221899809', 20),
('31728484-4869-11ea-abf9-00155d82e02d', 'Mesaque Araujo da Silva', '08642430818', 20),
('31728580-4869-11ea-abf9-00155d82e02d', 'Adalto de Jesus Vieira Pinto', '14518516850', 20),
('3172877c-4869-11ea-abf9-00155d82e02d', 'Antonio Carlos Moreira', '00795425813', 20),
('31728887-4869-11ea-abf9-00155d82e02d', 'Marco Aurelio da Costa', '26764287805', 20),
('3172897b-4869-11ea-abf9-00155d82e02d', 'Izaac Pereira Inacio', '35888865753', 20),
('31728a70-4869-11ea-abf9-00155d82e02d', 'Luiz Affonso Motta', '07569385705', 20),
('31728b65-4869-11ea-abf9-00155d82e02d', 'Roberto Munuera Reyes', '10415941865', 20),
('31728c45-4869-11ea-abf9-00155d82e02d', 'Alexandre Suguiyama Rovai', '31063663890', 20),
('31728d31-4869-11ea-abf9-00155d82e02d', 'Marcos Stefano Zastavny do Couto', '26173155842', 20),
('31728e1a-4869-11ea-abf9-00155d82e02d', 'Vanessa Barbosa Enju', '31751255816', 20),
('31728ef8-4869-11ea-abf9-00155d82e02d', 'Everton Diego Nagatsuka', '34724971819', 20),
('31728fcb-4869-11ea-abf9-00155d82e02d', 'Adriano  Barbosa', '02659967911', 20),
('317290a4-4869-11ea-abf9-00155d82e02d', 'Roselis Aguiar  Macedo', '42871077991', 20);
INSERT INTO `participantes` (`id`, `nome`, `cpf`, `evento_id`) VALUES
('31729196-4869-11ea-abf9-00155d82e02d', 'Pierre Albert Bonnevialle', '02481119908', 20),
('31729267-4869-11ea-abf9-00155d82e02d', 'Archimedes Cavalcanti Junior', '38022770400', 20),
('31729334-4869-11ea-abf9-00155d82e02d', 'Douglas Alexandre Sena Lima', '16682769415', 20),
('317293fb-4869-11ea-abf9-00155d82e02d', 'Carla Simone Pereira de Paula', '07829769729', 20),
('317294b6-4869-11ea-abf9-00155d82e02d', 'Ana Paula Soares Passos Cambao Souza', '10899828795', 20),
('31729570-4869-11ea-abf9-00155d82e02d', 'Magda Fernandes Pinto Veiga', '43833829591', 20),
('31731d82-4869-11ea-abf9-00155d82e02d', 'Claudia Cardoso Seixas', '79643302253', 20),
('31731e7a-4869-11ea-abf9-00155d82e02d', 'Victor Russo Froes Rodrigues', '01469366207', 20),
('31731efb-4869-11ea-abf9-00155d82e02d', 'Luiz Paulo Araujo Faria', '04761335726', 20),
('31731f75-4869-11ea-abf9-00155d82e02d', 'Maria de Fatima Gomes Bacelo', '38499738753', 20),
('31731fe2-4869-11ea-abf9-00155d82e02d', 'Felipe de Almeida Ribeiro', '01833501705', 20),
('3173204e-4869-11ea-abf9-00155d82e02d', 'Rodrigo Leituga de Carvalho Cavalcanti', '15575162788', 20),
('317321c6-4869-11ea-abf9-00155d82e02d', 'Ana Paula Caldin da Silva', '30218800886', 20),
('336b59c9-9abf-11ea-8ad6-00155dc1a843', 'Maria Jose Araujo da Silva', '35338320400', 22),
('3650be82-11f8-11ea-9b25-00155d82e02d', 'Ivacildo Jose de Moraes', '17864402100', 18),
('5d0563b1-992e-11ea-8ad6-00155dc1a843', 'Edmar Godoy Viggiano Pereira', '50006398120', 22),
('63c4e778-609a-11ea-abf9-00155d82e02d', 'Judismar Vieira de Mendonca Junior', '59132310668', 21),
('63c5370e-609a-11ea-abf9-00155d82e02d', 'Nilo Renato Costa', '76663655604', 21),
('63c537de-609a-11ea-abf9-00155d82e02d', 'Andre Rockemback', '66897122068', 21),
('63c5384c-609a-11ea-abf9-00155d82e02d', 'Nilton Manconi Costa', '51940736072', 21),
('63c538ad-609a-11ea-abf9-00155d82e02d', 'Alexandra Silva de Souza', '00440904048', 21),
('63c53912-609a-11ea-abf9-00155d82e02d', 'Lauren Guerra Zanini', '03113378052', 21),
('63c5396c-609a-11ea-abf9-00155d82e02d', 'Leticia Cazorla Karpinski', '83593896087', 21),
('63c539c2-609a-11ea-abf9-00155d82e02d', 'Marina Leivas Proto', '01187102067', 21),
('63c53a23-609a-11ea-abf9-00155d82e02d', 'Pedro Henrique Garcez Deon', '00554067005', 21),
('63c53a7c-609a-11ea-abf9-00155d82e02d', 'Suelen Almeida Moraes', '99940558015', 21),
('63c53acf-609a-11ea-abf9-00155d82e02d', 'Felipe Conzatti Frison', '01306997054', 21),
('63c53b24-609a-11ea-abf9-00155d82e02d', 'Juliana Luizelli Alencastro', '66524644034', 21),
('63c53b77-609a-11ea-abf9-00155d82e02d', 'Osana Terrinha da Silva', '03458437975', 21),
('63c53bcf-609a-11ea-abf9-00155d82e02d', 'Tatiane Barazzetti', '80929214072', 21),
('63c53c28-609a-11ea-abf9-00155d82e02d', 'Cristiane Sperafico Valandro', '63894165049', 21),
('63c540a6-609a-11ea-abf9-00155d82e02d', 'Bruno dos Reis Machado', '02240974079', 21),
('63c5414d-609a-11ea-abf9-00155d82e02d', 'Magali Deamici Tellier', '48494097091', 21),
('7a472e3f-d359-11ea-8ad6-00155dc1a843', 'Lucas Levi Goncalves Sobral', '82638276200', 26),
('7a47311d-d359-11ea-8ad6-00155dc1a843', 'Maria Carolina Scavitti', '28134839827', 26),
('7a4731ba-d359-11ea-8ad6-00155dc1a843', 'Paulo Burigo Marcondes Godoy', '72937262953', 26),
('7a4732f4-d359-11ea-8ad6-00155dc1a843', 'Robson Carvalho de Oliveira', '07993949807', 26),
('7a47bad4-d359-11ea-8ad6-00155dc1a843', 'Roberto Munuera Reyes', '10415941865', 26),
('7a47bc66-d359-11ea-8ad6-00155dc1a843', 'Ludmila Soares Pereira Alves da Silva', '03091437566', 26),
('7a47bceb-d359-11ea-8ad6-00155dc1a843', 'Eduardo de Andrade Corlett Loiola', '03513852584', 26),
('7a47bef7-d359-11ea-8ad6-00155dc1a843', 'Adalto de Jesus Vieira Pinto', '14518516850', 26),
('7a47bf62-d359-11ea-8ad6-00155dc1a843', 'Natan Pires Sá', '05563010481', 26),
('7a47bfd4-d359-11ea-8ad6-00155dc1a843', 'Wellyda Bispo de Sousa Gomes', '01858265126', 26),
('7a47c039-d359-11ea-8ad6-00155dc1a843', 'Clodoaldo Oliveira da Silva', '38485303253', 26),
('7a47c0a6-d359-11ea-8ad6-00155dc1a843', 'Luciana Lucia Fonseca de Souza', '74235958291', 26),
('7a47c10c-d359-11ea-8ad6-00155dc1a843', 'Israel Wilter Dourado Cabral', '52566056234', 26),
('7a47c249-d359-11ea-8ad6-00155dc1a843', 'Aldenira Oliveira da Silva', '27464717287', 26),
('7a47c2c7-d359-11ea-8ad6-00155dc1a843', 'Raquel de Sousa Braga', '72978465115', 26),
('7a47c338-d359-11ea-8ad6-00155dc1a843', 'Tatiana Rolando dos Santos Sckianta', '00860415503', 26),
('7a47c399-d359-11ea-8ad6-00155dc1a843', 'Leila Pitangueira Guedes Mazarakis', '09534574783', 26),
('7a47c3fa-d359-11ea-8ad6-00155dc1a843', 'Paula Larissa Nascimento Alves', '00221806210', 26),
('7a47c44f-d359-11ea-8ad6-00155dc1a843', 'Cristiane Zaranga Maquine', '71592938372', 26),
('7a47c4a4-d359-11ea-8ad6-00155dc1a843', 'Danilo Barros de Freitas', '89734629387', 26),
('7a47c4f7-d359-11ea-8ad6-00155dc1a843', 'Patricia Oliveira Silva', '00339451360', 26),
('7a47c552-d359-11ea-8ad6-00155dc1a843', 'Jorge Luis Rodrigues Cursinho Sena', '29009286304', 26),
('7a47c5a9-d359-11ea-8ad6-00155dc1a843', 'Luiz Paulo Araujo Faria', '04761335726', 26),
('7a47c605-d359-11ea-8ad6-00155dc1a843', 'Samuel Moreira de Almeida', '00828850011', 26),
('7a47c658-d359-11ea-8ad6-00155dc1a843', 'Denise Candaten', '81732520097', 26),
('7a47c6aa-d359-11ea-8ad6-00155dc1a843', 'Roy Tomaz de Aquino', '01978129106', 26),
('7a47c6fb-d359-11ea-8ad6-00155dc1a843', 'Mario Dal Colletto Filho', '01446641864', 26),
('7a47c74e-d359-11ea-8ad6-00155dc1a843', 'Vanderson Luiz Costa', '01739516788', 26),
('7a47c7a2-d359-11ea-8ad6-00155dc1a843', 'Leticia Olbertz', '04984591951', 26),
('7a47c7fb-d359-11ea-8ad6-00155dc1a843', 'Jose Antonio da Silva Junior', '0657732966', 26),
('7a47c84d-d359-11ea-8ad6-00155dc1a843', 'Sirlene Pereira da Silva de Moura', '81726392104', 26),
('7a47c8a0-d359-11ea-8ad6-00155dc1a843', 'Elenilda Ribeiro Dourado', '66184789104', 26),
('7a47c8f4-d359-11ea-8ad6-00155dc1a843', 'Francine Aparecida Garcia Freitas', '95020888168', 26),
('7a47c94e-d359-11ea-8ad6-00155dc1a843', 'Mauro Gil Meger', '45698139920', 26),
('7a47c9a7-d359-11ea-8ad6-00155dc1a843', 'Larissa Cassini Oliveira de Paula', '10099208636', 26),
('7a47c9f8-d359-11ea-8ad6-00155dc1a843', 'Nara Cristina Silva', '00299027112', 26),
('7a47ca4a-d359-11ea-8ad6-00155dc1a843', 'Sayonara Esmeraldo Araujo Rocha', '87278065372', 26),
('7a47ca9e-d359-11ea-8ad6-00155dc1a843', 'Douglas da Silva Campos', '02510845152', 26),
('7a47caf0-d359-11ea-8ad6-00155dc1a843', 'Lucier Ferreira Barboza', '02227502193', 26),
('7a47cb47-d359-11ea-8ad6-00155dc1a843', 'Patricia Quirino da Silva', '85204927115', 26),
('7a47cb9a-d359-11ea-8ad6-00155dc1a843', 'Ravenna Bastos Martins', '02063122377', 26),
('7a47cbed-d359-11ea-8ad6-00155dc1a843', 'Tulio Cassimiro Rizzi Lippi', '01489894110', 26),
('7a47cc3e-d359-11ea-8ad6-00155dc1a843', 'Rodrigo Santiago Lopes Gondim', '93099959120', 26),
('7a47cc91-d359-11ea-8ad6-00155dc1a843', 'Paulo Jose Dias Costa Jaime', '00984318119', 26),
('7a47ccea-d359-11ea-8ad6-00155dc1a843', 'Francisco de Melo da Silva', '00250052169', 26),
('7a47cd44-d359-11ea-8ad6-00155dc1a843', 'Maria Eugenia Neves Santana', '00598935169', 26),
('7a47cd95-d359-11ea-8ad6-00155dc1a843', 'Agostinho Ferreira Gomes', '66681537804', 26),
('7a47cde7-d359-11ea-8ad6-00155dc1a843', 'Agatangelo Lima Silva', '45029997334', 26),
('7a47cec1-d359-11ea-8ad6-00155dc1a843', 'Alessandra Costa Pacheco', '68480547200', 26),
('7a47cf34-d359-11ea-8ad6-00155dc1a843', 'Ana Catarina Gomes de Amorim', '09281840480', 26),
('7a47cf8b-d359-11ea-8ad6-00155dc1a843', 'Anderson Mendes Augusto', '02058512740', 26),
('7a47cfe4-d359-11ea-8ad6-00155dc1a843', 'Angela Golin', '02109763817', 26),
('7a47d03a-d359-11ea-8ad6-00155dc1a843', 'Antonio Carlos Moreira', '00795425813', 26),
('7a47d09a-d359-11ea-8ad6-00155dc1a843', 'Arnaldo Serejo Freire Filho', '02059858313', 26),
('7a47d0ee-d359-11ea-8ad6-00155dc1a843', 'Aroldo Zanela', '37941933187', 26),
('7a47d147-d359-11ea-8ad6-00155dc1a843', 'Camila Souza Pereira', '21924955873', 26),
('7a47d19e-d359-11ea-8ad6-00155dc1a843', 'Carlos Alberto Silveira Pupo', '07285348864', 26),
('7a47d1fa-d359-11ea-8ad6-00155dc1a843', 'Carlos Roberto Alves', '00189159812', 26),
('7a47d256-d359-11ea-8ad6-00155dc1a843', 'Carolina de Moraes Lyra Schneider', '28774797816', 26),
('7a47d2b2-d359-11ea-8ad6-00155dc1a843', 'Caroline Ayres da Silva Japiassu', '01609549163', 26),
('7a47d30c-d359-11ea-8ad6-00155dc1a843', 'Cecilia Carrapatoso da Costa', '33329708875', 26),
('7a47d35e-d359-11ea-8ad6-00155dc1a843', 'Cirila Lopes dos Santos Borges', '49059637372', 26),
('7a47d3ad-d359-11ea-8ad6-00155dc1a843', 'Claudia Rejane Lemos da Silva', '58390094949', 26),
('7a47d3fe-d359-11ea-8ad6-00155dc1a843', 'Claudio Alberto Rodrigues de Souza', '87747774168', 26),
('7a47d44f-d359-11ea-8ad6-00155dc1a843', 'Claudio Roberto Marques', '71236691804', 26),
('7a47d4a5-d359-11ea-8ad6-00155dc1a843', 'Cristina Maria Coelho Vaz', '77245636320', 26),
('7a47d4f6-d359-11ea-8ad6-00155dc1a843', 'Daniel Nunes', '70369852087', 26),
('7a47d547-d359-11ea-8ad6-00155dc1a843', 'Daniel Paulo de Souza Pires', '00524208093', 26),
('7a47d59a-d359-11ea-8ad6-00155dc1a843', 'Daniela Bastos de Queiroz', '62420526368', 26),
('7a47d5eb-d359-11ea-8ad6-00155dc1a843', 'Daniela Borges dos Santos', '03106863692', 26),
('7a47d642-d359-11ea-8ad6-00155dc1a843', 'Daniella Randazzo de Azevedo Braga', '51120542049', 26),
('7a47d698-d359-11ea-8ad6-00155dc1a843', 'Deborah Cristina Bonacci', '34763863843', 26),
('7a47d6ec-d359-11ea-8ad6-00155dc1a843', 'Eduardo da Silva Pinto', '39196014830', 26),
('7a47d741-d359-11ea-8ad6-00155dc1a843', 'Elisama Rodrigues da Silva', '07840297927', 26),
('7a47d797-d359-11ea-8ad6-00155dc1a843', 'Fabio Augusto Ferreira Silva', '34031241852', 26),
('7a47d7ec-d359-11ea-8ad6-00155dc1a843', 'Fábio Parente Simão', '61894591372', 26),
('7a47d84a-d359-11ea-8ad6-00155dc1a843', 'Fernanda Naccaratto Oliveira Leite', '36820680821', 26),
('7a47d8a4-d359-11ea-8ad6-00155dc1a843', 'Flavio Henrique Gaspar Matos', '75400049320', 26),
('7a47d8f8-d359-11ea-8ad6-00155dc1a843', 'Flavio Jose de Sousa', '10757546315', 26),
('7a47d94c-d359-11ea-8ad6-00155dc1a843', 'Francine Derschner', '39060529820', 26),
('7a47d9a6-d359-11ea-8ad6-00155dc1a843', 'Francisco Teonio da Silva', '36908804415', 26),
('7a47d9f9-d359-11ea-8ad6-00155dc1a843', 'Frederico Gustavo Tavora', '79814107204', 26),
('7a47da48-d359-11ea-8ad6-00155dc1a843', 'Gilberto Takao Sakamoto', '99979934891', 26),
('7a47da9c-d359-11ea-8ad6-00155dc1a843', 'Giorgia Caroline Mendes', '04088113900', 26),
('7a47daed-d359-11ea-8ad6-00155dc1a843', 'Gizelli Santos Lourenco Coutinho', '89979028300', 26),
('7a47db40-d359-11ea-8ad6-00155dc1a843', 'Gloria Andrade de Avila', '06159409867', 26),
('7a47db90-d359-11ea-8ad6-00155dc1a843', 'Gustavo Piccinini', '98910990082', 26),
('7a47dbe5-d359-11ea-8ad6-00155dc1a843', 'Ildenes Alves de Oliveira', '62624580344', 26),
('7a47dc36-d359-11ea-8ad6-00155dc1a843', 'Inga L Veitenheimer Mendes', '10688273034', 26),
('7a47dc8c-d359-11ea-8ad6-00155dc1a843', 'Irineu Batista Junior', '25257650100', 26),
('7a47dce0-d359-11ea-8ad6-00155dc1a843', 'Izaias Rodrigues Aquino', '02931597937', 26),
('7a47dd35-d359-11ea-8ad6-00155dc1a843', 'Joao Braulio de Melo Oliveira', '07293046391', 26),
('7a48ef8c-d359-11ea-8ad6-00155dc1a843', 'Joel da Silva Souza', '37384015200', 26),
('7a48f0f2-d359-11ea-8ad6-00155dc1a843', 'Josenildo da Silva Picanço', '51202344291', 26),
('7a48f1ad-d359-11ea-8ad6-00155dc1a843', 'Julio Cesar Batista dos Santos', '62109189487', 26),
('7a48f25f-d359-11ea-8ad6-00155dc1a843', 'Karla Regina de Almeida Costa', '63599244200', 26),
('7a48f307-d359-11ea-8ad6-00155dc1a843', 'Larissa Pereira Fernandes', '70566293188', 26),
('7a48f713-d359-11ea-8ad6-00155dc1a843', 'Leonardo Breviglieri', '32318545804', 26),
('7a48f800-d359-11ea-8ad6-00155dc1a843', 'Lindemberg Gomes da Silva', '63243873304', 26),
('7a48f8ae-d359-11ea-8ad6-00155dc1a843', 'Livia Silva Brandao', '03234608369', 26),
('7a48f9d0-d359-11ea-8ad6-00155dc1a843', 'Luciana Higa Masuda', '29891697843', 26),
('7a498c38-d359-11ea-8ad6-00155dc1a843', 'Luciana Onecia Machado Conde', '04223694707', 26),
('7a498d2e-d359-11ea-8ad6-00155dc1a843', 'Magda Creidy Satt Arioli', '22089101091', 26),
('7a498dc9-d359-11ea-8ad6-00155dc1a843', 'Marbenha de Windson Brito Silva Linko', '40168999315', 26),
('7a498e39-d359-11ea-8ad6-00155dc1a843', 'Marcelo Gonzales Gimenes', '16361257860', 26),
('7a498ea7-d359-11ea-8ad6-00155dc1a843', 'Marcia Tavares', '30493595791', 26),
('7a498f11-d359-11ea-8ad6-00155dc1a843', 'Maria Auxiliadora Rodrigues', '83493220715', 26),
('7a498f77-d359-11ea-8ad6-00155dc1a843', 'Maria Jose Gomes da Silva', '65337980491', 26),
('7a498fd5-d359-11ea-8ad6-00155dc1a843', 'Marina Mello Vasconcellos Okimoto', '35242277831', 26),
('7a499031-d359-11ea-8ad6-00155dc1a843', 'Marlei Braude Canterji', '35261420091', 26),
('7a49910c-d359-11ea-8ad6-00155dc1a843', 'Mesaque Araujo Da Silva', '08642430818', 26),
('7a49e761-d359-11ea-8ad6-00155dc1a843', 'Miguel Leda Dourado', '07487398315', 26),
('7a49e89b-d359-11ea-8ad6-00155dc1a843', 'Nivea Soares Nunes', '95432019191', 26),
('7a49e94e-d359-11ea-8ad6-00155dc1a843', 'Oilda Maria da Silva', '36402672491', 26),
('7a49e9e4-d359-11ea-8ad6-00155dc1a843', 'Onassis Campos Caetano', '64205266691', 26),
('7a49ead0-d359-11ea-8ad6-00155dc1a843', 'Oscar Odeone da Silva Cunha', '00840739184', 26),
('7a49eb7d-d359-11ea-8ad6-00155dc1a843', 'Patricia Rossafa Branco', '02393932950', 26),
('7a49ec18-d359-11ea-8ad6-00155dc1a843', 'Paulo Mori', '09118036880', 26),
('7a49ecb1-d359-11ea-8ad6-00155dc1a843', 'Petala Maria Galvao dos Santos', '01851396551', 26),
('7a4a908a-d359-11ea-8ad6-00155dc1a843', 'Rafael Costa Vieira', '92612369104', 26),
('7a4a91a2-d359-11ea-8ad6-00155dc1a843', 'Ricardo Boim', '72169524649', 26),
('7a4a9243-d359-11ea-8ad6-00155dc1a843', 'Ricardo Campos', '24859483804', 26),
('7a4a92d2-d359-11ea-8ad6-00155dc1a843', 'Ricardo Lima de Freitas', '45029997334', 26),
('7a4a936c-d359-11ea-8ad6-00155dc1a843', 'Ricardo Suriani', '50557840163', 26),
('7a4a93e1-d359-11ea-8ad6-00155dc1a843', 'Rita de Cassia de Mattos', '35160420797', 26),
('7a4a9444-d359-11ea-8ad6-00155dc1a843', 'Rita de Cassia Pinheiro Valenca', '53011155453', 26),
('7a4a94a8-d359-11ea-8ad6-00155dc1a843', 'Rodrigo Mussi  Ribeiro', '18102012846', 26),
('7a4a9504-d359-11ea-8ad6-00155dc1a843', 'Rubens Campos', '03235441859', 26),
('7a4a9575-d359-11ea-8ad6-00155dc1a843', 'Rubens Santos', '48555770815', 26),
('7a4a95da-d359-11ea-8ad6-00155dc1a843', 'Solange Evangelista Albuquerque', '61503436420', 26),
('7a4a9633-d359-11ea-8ad6-00155dc1a843', 'Suzana Aparecida da Silva', '44243561168', 26),
('7a4a96c0-d359-11ea-8ad6-00155dc1a843', 'Taina Cristina de Oliveira Teixeira', '66008840372', 26),
('7a4a979b-d359-11ea-8ad6-00155dc1a843', 'Thomas Edson Abreu Nunes', '86513478391', 26),
('7a4a97f8-d359-11ea-8ad6-00155dc1a843', 'Tiago Pereira de Souza', '01118298012', 26),
('7a4a9849-d359-11ea-8ad6-00155dc1a843', 'Vanessa de Lima Silva', '00987994441', 26),
('7a4a9898-d359-11ea-8ad6-00155dc1a843', 'Viviane Fernandes Santos Ferronatto', '99901234034', 26),
('7a4a98e4-d359-11ea-8ad6-00155dc1a843', 'Wesley Alves Bezerra', '01033312398', 26),
('7a4a9932-d359-11ea-8ad6-00155dc1a843', 'Wolteres Alencar Miranda', '06694934300', 26),
('7a4a997b-d359-11ea-8ad6-00155dc1a843', 'Cristina de Avila Tireck', '06573858913', 26),
('8276e894-ca99-11ea-8ad6-00155dc1a843', 'Karine Clotilde Bueno da Silva', '06806186947', 25),
('8276eb51-ca99-11ea-8ad6-00155dc1a843', 'Andressa Santi', '06468648904', 25),
('82778e96-ca99-11ea-8ad6-00155dc1a843', 'Natalia Miyuki Wassano Barroso', '07140998990', 25),
('82778fde-ca99-11ea-8ad6-00155dc1a843', 'Ricardo Tadeu Niebuhr', '05520865922', 25),
('8277905a-ca99-11ea-8ad6-00155dc1a843', 'Poliana Braga de Andrade Vieira', '03047874425', 25),
('827790df-ca99-11ea-8ad6-00155dc1a843', 'Mayara Alves Rios de Oliveira', '06589344493', 25),
('82779145-ca99-11ea-8ad6-00155dc1a843', 'Eduardo Marques Braga de Faria', '09039466459', 25),
('827791b8-ca99-11ea-8ad6-00155dc1a843', 'Karoline Franco da Motta Baulduino', '04678679170', 25),
('8277921a-ca99-11ea-8ad6-00155dc1a843', 'Jucileia Campos Passos', ' 9124342416', 25),
('827792b0-ca99-11ea-8ad6-00155dc1a843', 'Bruno Caixeta Guimaraes', '09514607651', 25),
('8277932a-ca99-11ea-8ad6-00155dc1a843', 'Ronario Ribeiro dos Santos', '02138644103', 25),
('962e0fc6-dcc0-11ea-8ad6-00155dc1a843', 'Daniel Kravicz', '00840080913', 26),
('9bc09bf9-d8e1-11ea-8ad6-00155dc1a843', 'Cristiane Zaranza Maquiné', '71592938272', 26),
('a5df6ab6-d74b-11ea-8ad6-00155dc1a843', 'Cristiano Ramalho', '69512795191', 26),
('a6f4e869-dcc0-11ea-8ad6-00155dc1a843', 'Francisco Teônio da Silva', '36908800415', 26),
('a8e34388-d0f4-11ea-8ad6-00155dc1a843', 'Iracema Helena Schoenlein Crusius', '03340456810', 23),
('a8e3474e-d0f4-11ea-8ad6-00155dc1a843', 'Edison Kubo', '01043280890', 23),
('a8e3f2c7-d0f4-11ea-8ad6-00155dc1a843', 'Eliney Correa Porto', '51532778287', 23),
('a8e3f3d7-d0f4-11ea-8ad6-00155dc1a843', 'Iracema Helena Schoenlein Crusius', '03340456810', 25),
('a8e3f46b-d0f4-11ea-8ad6-00155dc1a843', 'Edison Kubo', '01043280890', 25),
('a8e3f4e2-d0f4-11ea-8ad6-00155dc1a843', 'Eliney Correa Porto', '51532778287', 25),
('a8e3f54a-d0f4-11ea-8ad6-00155dc1a843', 'Jucileia Campos Passos', '91243424168', 25),
('af17517a-231b-11ea-9b25-00155d82e02d', 'Andrea Karla de Freitas J. do Amaral', '00796290407', 19),
('af175478-231b-11ea-9b25-00155d82e02d', 'Amanda Rodrigues Maciel', '01436444403', 19),
('af175514-231b-11ea-9b25-00155d82e02d', 'Joaquim Fernandes', '04308891191', 19),
('af175589-231b-11ea-9b25-00155d82e02d', 'Raimundo Oliveira Viana', '00138550263', 19),
('af175602-231b-11ea-9b25-00155d82e02d', 'Karina Moreira Nunes', '61367753368', 19),
('af17566e-231b-11ea-9b25-00155d82e02d', 'Carine Furtado Damasceno', '62296434304', 19),
('af1756d2-231b-11ea-9b25-00155d82e02d', 'Maria Elisabete Vila Nova', '04850102409', 19),
('af17572a-231b-11ea-9b25-00155d82e02d', 'Ana Arcoverde Vianna C. Peres', '06705947411', 19),
('af175788-231b-11ea-9b25-00155d82e02d', 'Jose Ronyere de Freitas Lima', '01162386401', 19),
('af1757e2-231b-11ea-9b25-00155d82e02d', 'Rommel Paiva de Arruda', '09604557440', 19),
('af175839-231b-11ea-9b25-00155d82e02d', 'Joao Carlos Matos de Oliveira', '33110689553', 19),
('af17588f-231b-11ea-9b25-00155d82e02d', 'Acacio Bomfim de Abreu', '02243148587', 19),
('af1758e8-231b-11ea-9b25-00155d82e02d', 'Jonnatan Lopes Moreira de Sousa', '95690395153', 19),
('af175940-231b-11ea-9b25-00155d82e02d', 'Talita Dias Cardial', '00617712107', 19),
('af175995-231b-11ea-9b25-00155d82e02d', 'Rafael Augusto de Oliveira', '21350304816', 19),
('c10a14af-1167-11ea-9b25-00155d82e02d', 'Iuri Aguiar Frutuoso', '02822907102', 18),
('c10a17e0-1167-11ea-9b25-00155d82e02d', 'Wilson Jose de Arruda Marques', '14098300125', 18),
('c10a1878-1167-11ea-9b25-00155d82e02d', 'Tiago Santana Coelho', '03375392192', 18),
('c10a18f0-1167-11ea-9b25-00155d82e02d', 'Fernanda dos Santos Feitosa', '79195008187', 18),
('c10a195b-1167-11ea-9b25-00155d82e02d', 'Keila Rosa Barreto Gatti', '95814124172', 18),
('c10a19c1-1167-11ea-9b25-00155d82e02d', 'Ginaira Brugnari Jesus do Nascimento', '03275059157', 18),
('c10a1a1f-1167-11ea-9b25-00155d82e02d', 'Ronise Botelho Pereira Araujo', '50277278104', 18),
('c10a1a7a-1167-11ea-9b25-00155d82e02d', 'Silvaney Pinto de Matos', '04743173159', 18),
('c10a1ad6-1167-11ea-9b25-00155d82e02d', 'Fabiano Goncalo Oliveira Campos', '90679954104', 18),
('c10a1b38-1167-11ea-9b25-00155d82e02d', 'Querenhapuque Albernaz Marques', '04026657167', 18),
('c10a1b95-1167-11ea-9b25-00155d82e02d', 'Wender Conceicao Nascimento Souza', '03850806111', 18),
('c10a1beb-1167-11ea-9b25-00155d82e02d', 'Clodoelson Santa Cruz Xavier', '03792902192', 18),
('c10a1c46-1167-11ea-9b25-00155d82e02d', 'Marcus Paulo Rodrigues Fratari', '03459089105', 18),
('c10a1c9e-1167-11ea-9b25-00155d82e02d', 'Margarida Silva de Araujo', '69219877104', 18),
('c10a1cf7-1167-11ea-9b25-00155d82e02d', 'Marcos Fernando Lanzarini', '03472979194', 18),
('c10a1d55-1167-11ea-9b25-00155d82e02d', 'Elizangela Azevedo Spuldaro', '83498729187', 18),
('c10a1db2-1167-11ea-9b25-00155d82e02d', 'Thiago de Moura Colella', '40237547813', 18),
('c10a1e0f-1167-11ea-9b25-00155d82e02d', 'Francisca Mercia de Sousa Nunes', '06728223428', 18),
('c10a1e69-1167-11ea-9b25-00155d82e02d', 'Teilisan Rodrigues Moreira Antunes', '92011535115', 18),
('c10a1ebf-1167-11ea-9b25-00155d82e02d', 'Valdir Cabreiras da Silva', '47410108134', 18),
('c10a1f15-1167-11ea-9b25-00155d82e02d', 'Dione Ramos Merotti', '04557811166', 18),
('c10a1f6d-1167-11ea-9b25-00155d82e02d', 'Jose Roberto Pereira Alves', '58106782115', 18),
('c10a1fc8-1167-11ea-9b25-00155d82e02d', 'Luis Carlos Correia', '00707108136', 18),
('c10a201e-1167-11ea-9b25-00155d82e02d', 'Lucimara Lucia Floriano da Fonseca', '69519242104', 18),
('c10a2077-1167-11ea-9b25-00155d82e02d', 'Natalia Martins Magri', '02494704111', 18),
('c10a20d2-1167-11ea-9b25-00155d82e02d', 'Maryangela Maciel de Castro Oliveira', '00002672103', 18),
('c10a212b-1167-11ea-9b25-00155d82e02d', 'Marcos Fernando Lanzarini', '03472979194', 18),
('c10a2184-1167-11ea-9b25-00155d82e02d', 'Elizangela Azevedo Spuldaro', '83498729187', 18),
('c10a21d9-1167-11ea-9b25-00155d82e02d', 'Valdemar Onofre Neto', '02548487105', 18),
('c10a2234-1167-11ea-9b25-00155d82e02d', 'Paulo Rogerio Soares Coelho', '01528543122', 18),
('c10a228d-1167-11ea-9b25-00155d82e02d', 'Fabiele de Souza Dantas', '05566760171', 18),
('c10a22ee-1167-11ea-9b25-00155d82e02d', 'Stephanas Padilha Costa Soares', '03059765162', 18),
('c10a2344-1167-11ea-9b25-00155d82e02d', 'Jeane Cassia Magalhaes Alves', '97389684100', 18),
('c10a239b-1167-11ea-9b25-00155d82e02d', 'Rosykelli Assis Prates', '01500682128', 18),
('c10a23f2-1167-11ea-9b25-00155d82e02d', 'Carlos Augusto Ono Gabriel', '68872194172', 18),
('c10a244f-1167-11ea-9b25-00155d82e02d', 'Ismael Itamar de Morais', '95862439153', 18),
('e329566c-d35b-11ea-8ad6-00155dc1a843', 'Erika Marques Nobre', '51862808368', 27),
('e3295937-d35b-11ea-8ad6-00155dc1a843', 'Ana Karine Castelo Branco de Paula Gomes', '43399177372', 27),
('e32959c8-d35b-11ea-8ad6-00155dc1a843', 'Jane Eyre Cunha Albuquerque', '20962614300', 27),
('e3295a2f-d35b-11ea-8ad6-00155dc1a843', 'Fabio Carneiro Passos', '10565646796', 27),
('e3295a9a-d35b-11ea-8ad6-00155dc1a843', 'Leandro Bustamante de Oliveira', '05174016730', 27),
('e3295b06-d35b-11ea-8ad6-00155dc1a843', 'Adriano Monteiro Ayres', '80321968115', 27),
('e3295b5f-d35b-11ea-8ad6-00155dc1a843', 'Anisio Ferreira Lima Neto', '39644073304', 27),
('e3295bb8-d35b-11ea-8ad6-00155dc1a843', 'Warlytton Victor Saraiva Leite', '06073576307', 27),
('e3295c0a-d35b-11ea-8ad6-00155dc1a843', 'Dario Magalhaes Batista Filho', '64227120306', 27),
('e3295c64-d35b-11ea-8ad6-00155dc1a843', 'Benedito Barbosa Sousa', '13828614353', 27),
('e3295cb9-d35b-11ea-8ad6-00155dc1a843', 'Iracema Helena Schoenlein Crusius', '03340456810', 27),
('e3295d09-d35b-11ea-8ad6-00155dc1a843', 'Edson Kubo', '01043280880', 27),
('e3295d59-d35b-11ea-8ad6-00155dc1a843', 'Andressa Cibele Mariya ', '31484477863', 27),
('e3295db0-d35b-11ea-8ad6-00155dc1a843', 'Alexandre Mendes Fajardo ', '09391046878', 27),
('e3295dff-d35b-11ea-8ad6-00155dc1a843', 'Jose Armando Cossa Louzada', '22322964824', 27),
('e3295e50-d35b-11ea-8ad6-00155dc1a843', 'Lia Matelli Garcia', '33974864830', 27),
('e3295ea2-d35b-11ea-8ad6-00155dc1a843', 'Maria Teresa de Paiva Azevedo', '03325127894', 27),
('e3295efa-d35b-11ea-8ad6-00155dc1a843', 'Ariela Comim Rodrigues da Silva', '00591233037', 27),
('e3295f4d-d35b-11ea-8ad6-00155dc1a843', 'Etiana Magalhaes Pedroso', '88396576068', 27),
('e3295f9e-d35b-11ea-8ad6-00155dc1a843', 'Jerson dos Santos', '25323326034', 27),
('e3295ff1-d35b-11ea-8ad6-00155dc1a843', 'Fernando Ferrari de Morais', '27746812864', 27),
('e3296045-d35b-11ea-8ad6-00155dc1a843', 'Cláudia Dorotéia Trindade', '04267411964', 27),
('e3296098-d35b-11ea-8ad6-00155dc1a843', 'Flavia Borges de Andrade', '03308113635', 27),
('e32960e7-d35b-11ea-8ad6-00155dc1a843', 'Lucas Cunha Ribeiro', '62981314875', 27),
('e3296138-d35b-11ea-8ad6-00155dc1a843', 'Laura Arantes Frischenbruder', '03739857978', 27),
('e329618b-d35b-11ea-8ad6-00155dc1a843', 'Pietra Diehl Klein', '99896524068', 27),
('e32961dd-d35b-11ea-8ad6-00155dc1a843', 'Djalma Jorge de Santana Nunes', '03549763549', 27),
('e329622d-d35b-11ea-8ad6-00155dc1a843', 'Antonio Raimundo Alves de Jesus', '14013223520', 27),
('e329627f-d35b-11ea-8ad6-00155dc1a843', 'Mario Cesar de Jesus Souza', '56811497572', 27),
('e32962d1-d35b-11ea-8ad6-00155dc1a843', 'Iara de La Torre', '02255444909', 27),
('e3296322-d35b-11ea-8ad6-00155dc1a843', 'Ana Carolina Spinardi Panes', '22295536820', 27),
('e3296371-d35b-11ea-8ad6-00155dc1a843', 'Andreia Andrade Lopes', '57980152972', 27),
('e32963c9-d35b-11ea-8ad6-00155dc1a843', 'Carlos Frederico Loiola', '59815078615', 27),
('e329644a-d35b-11ea-8ad6-00155dc1a843', 'Edeltrudes Maria V Calaca Carama', '27760537620', 27),
('e32964bd-d35b-11ea-8ad6-00155dc1a843', 'Juliana Ordones Rego', '80957650663', 27),
('e3296516-d35b-11ea-8ad6-00155dc1a843', 'Katia Regina da Silva', '06386630670', 27),
('e3296565-d35b-11ea-8ad6-00155dc1a843', 'Atenagoras Cafe Carvalhais Junior ', '06695168644', 27),
('e32965b5-d35b-11ea-8ad6-00155dc1a843', 'Deborah Dias de Oliveira', '06574592674', 27),
('e3296607-d35b-11ea-8ad6-00155dc1a843', 'Paloma de Alvarenga Cortes', '06630309600', 27),
('e3296654-d35b-11ea-8ad6-00155dc1a843', 'Nayara Caires Amorim Santos', '43263722816', 27),
('e32966a2-d35b-11ea-8ad6-00155dc1a843', 'Marcela Flores Cardoso Sobral', '00816916535', 27),
('e32966f2-d35b-11ea-8ad6-00155dc1a843', 'Andre Luiz Mandarino Borges', '58440232500', 27),
('e329673d-d35b-11ea-8ad6-00155dc1a843', 'Pedro Luiz Andrade de Mattos Ribeiro', '02843119448', 27),
('e329678c-d35b-11ea-8ad6-00155dc1a843', 'Waldeir Alcantara Alves', '01601493479', 27),
('e32967da-d35b-11ea-8ad6-00155dc1a843', 'Mariana Amorim Leite Galvao', '07382145409', 27),
('e3296980-d35b-11ea-8ad6-00155dc1a843', 'Gustavo Lima Neto', '95205144491', 27),
('e32969fc-d35b-11ea-8ad6-00155dc1a843', 'Marli Rejane Paraboa Caldeirao', '41010701053', 27),
('e3296a71-d35b-11ea-8ad6-00155dc1a843', 'Karina Moreira Nunes', '61367753368', 27),
('e3296af3-d35b-11ea-8ad6-00155dc1a843', 'Carine Furtado Damasceno ', '62296434304', 27),
('e3296b67-d35b-11ea-8ad6-00155dc1a843', 'Victor Felipe Fernandes de Lucena', '01143929357', 27),
('e32a0d80-d35b-11ea-8ad6-00155dc1a843', 'Francisco de Assis Philomeno Gomes Junior', '04097106368', 27),
('e32a0e74-d35b-11ea-8ad6-00155dc1a843', 'Marciana Silva da Costa Barreto', '62071459334', 27),
('e32a0eea-d35b-11ea-8ad6-00155dc1a843', 'Wagner Aparecido Contrera Lopes', '06572947807', 27),
('e32a0f74-d35b-11ea-8ad6-00155dc1a843', 'Fernanda Alves Almeida da Silva', '04447426544', 27),
('e32a0fd7-d35b-11ea-8ad6-00155dc1a843', 'Artur dos Santos Ribeiro', '08893057816', 27),
('e32a1033-d35b-11ea-8ad6-00155dc1a843', 'Alexandre Pedro Martinez', '17360264880', 27),
('e32a108f-d35b-11ea-8ad6-00155dc1a843', 'Nathalia Vidotto Coelho', '40620138866', 27),
('e32a10e6-d35b-11ea-8ad6-00155dc1a843', 'Adriano Polegato', '00717671186', 27),
('e32a113b-d35b-11ea-8ad6-00155dc1a843', 'Rodrigo Caceres', '02794493990', 27),
('e32a118f-d35b-11ea-8ad6-00155dc1a843', 'Mauro de Freitas Silva Filho', '29372167819', 27),
('e32a11e3-d35b-11ea-8ad6-00155dc1a843', 'Roberta de Salles Guarnieri', '30051729881', 27),
('e32a1236-d35b-11ea-8ad6-00155dc1a843', 'Alessandra Karina da Silva Fonseca', '08396532630', 27),
('e32a1543-d35b-11ea-8ad6-00155dc1a843', 'Alstyn Wesley Momette da Costa', '36850529854', 27),
('e32a15c7-d35b-11ea-8ad6-00155dc1a843', 'Alexandre Esperidiao', '12920068890', 27),
('e32a1637-d35b-11ea-8ad6-00155dc1a843', 'Janice Piazzi Pappa', '08669915731', 27),
('e32a168d-d35b-11ea-8ad6-00155dc1a843', 'Daniela Vectirans', '29400640838', 27),
('e32a16dc-d35b-11ea-8ad6-00155dc1a843', 'Paola Fernanda Junqueira Baroza', '29706959874', 27),
('e32a172b-d35b-11ea-8ad6-00155dc1a843', 'Nathalia Bruno Vicarivento', '35160603875', 27),
('e32a177a-d35b-11ea-8ad6-00155dc1a843', 'Karem Lima Cavalcanti Barreto', '66830281253', 27),
('e32a17d2-d35b-11ea-8ad6-00155dc1a843', 'Rosa Vincenza Guaglianone de Souza', '15250857272', 27),
('e32a181a-d35b-11ea-8ad6-00155dc1a843', 'Nivaldo Cunha Tabarana', '29858933215', 27),
('e32a1863-d35b-11ea-8ad6-00155dc1a843', 'Kelly de Vilhena Correa', '84344709268', 27),
('e32a18aa-d35b-11ea-8ad6-00155dc1a843', 'Denilsom de Lima Sousa', '01666692379', 27),
('e32a18f5-d35b-11ea-8ad6-00155dc1a843', 'Manuel Alves dos Santos Neto', '01201641594', 27),
('e32a1941-d35b-11ea-8ad6-00155dc1a843', 'Wellington Jesus de Almeida', '01916856586', 27),
('e32a198e-d35b-11ea-8ad6-00155dc1a843', 'Cezar Niehues Bet', '03778232959', 27),
('e32a19d5-d35b-11ea-8ad6-00155dc1a843', 'Julio Cesar da Silva', '89031270644', 27),
('e32a1a1f-d35b-11ea-8ad6-00155dc1a843', 'Robson Barbosa Miranda', '47502126600', 27),
('e32a1a68-d35b-11ea-8ad6-00155dc1a843', 'Rodrigo Freitas Bittencourt', '96615753553', 27),
('e32a1ab6-d35b-11ea-8ad6-00155dc1a843', 'Thiago Mattos da Silva', '83985760578', 27),
('e32a1b04-d35b-11ea-8ad6-00155dc1a843', 'Claudia Machado de Assis', '83934740510', 27),
('e32a1b58-d35b-11ea-8ad6-00155dc1a843', 'Alexander Ferreira Ramos', '50507753534', 27),
('e32a1c67-d35b-11ea-8ad6-00155dc1a843', 'Eric Claude Martin', '09039442860', 27),
('e32a1cd0-d35b-11ea-8ad6-00155dc1a843', 'Diego Gomes Campos', '82256489515', 27),
('e32a1d1e-d35b-11ea-8ad6-00155dc1a843', 'Osvaldo Freitas de Oliveira Junior', '82376808553', 27),
('e32a1d6a-d35b-11ea-8ad6-00155dc1a843', 'Isa Porto Meireles', '52210618568', 27),
('e32a1db4-d35b-11ea-8ad6-00155dc1a843', 'Odair Dutra', '08014869800', 27),
('e32a1e08-d35b-11ea-8ad6-00155dc1a843', 'Marcela de Oliveira Mendonca Goncalves', '05180896495', 27),
('e32a1e5a-d35b-11ea-8ad6-00155dc1a843', 'Macedo Dantas  Ximenes', '59667583287', 27),
('e32a1eaa-d35b-11ea-8ad6-00155dc1a843', 'Jose Guilherme Alcantara Reis', '00815619200', 27),
('e32a1efd-d35b-11ea-8ad6-00155dc1a843', 'Paulo Victor de Resende Brilhante', '01171196105', 27),
('e32a1f4f-d35b-11ea-8ad6-00155dc1a843', 'Gearley Duques Borges', '02746335158', 27),
('e32a1f9c-d35b-11ea-8ad6-00155dc1a843', 'Mario Chaves Pugas ', '23318554120', 27),
('e32a1fea-d35b-11ea-8ad6-00155dc1a843', 'Joaquim Fernandes ', '04308891191', 27),
('e32a2033-d35b-11ea-8ad6-00155dc1a843', 'Jeova Dias Turibio', '81041209134', 27),
('e32a208d-d35b-11ea-8ad6-00155dc1a843', 'Paulo Cesar Nauiack', '32077165987', 27),
('e32a2106-d35b-11ea-8ad6-00155dc1a843', 'Willian Tomasi Perin', '05290760989', 27),
('e32a215d-d35b-11ea-8ad6-00155dc1a843', 'Jurema de Fatima Borges', '48976636953', 27),
('e32a21b1-d35b-11ea-8ad6-00155dc1a843', 'Gederson Luis Marques Campos', '04224989808', 27),
('e32a21ff-d35b-11ea-8ad6-00155dc1a843', 'Aguida Aparecida Godoi', '51874946949', 27),
('e6e7f7b8-a601-11ea-8ad6-00155dc1a843', 'Francele Pereira Pinheiro', '00314240071', 23),
('e6e7fa96-a601-11ea-8ad6-00155dc1a843', 'Laura Santos Henrique', '62709810000', 23),
('e6e959a3-a601-11ea-8ad6-00155dc1a843', 'Paulo Yassuo Koike', '75984156849', 23),
('e6e95a91-a601-11ea-8ad6-00155dc1a843', 'Anderson Viana de Paula', '86906461168', 23),
('e6e95b00-a601-11ea-8ad6-00155dc1a843', 'Flavio Soares Oliveira', '93362706568', 23),
('e6e95b6e-a601-11ea-8ad6-00155dc1a843', 'Jose Eli de Vasconcelos Filho', '00529617374', 23),
('e6e95bd4-a601-11ea-8ad6-00155dc1a843', 'Antonio Jose Rodrigues Neto', '11615443134', 23),
('e6e95c36-a601-11ea-8ad6-00155dc1a843', 'Wladmir Rogerio dos Reis', '27986594187', 23),
('e6e95c95-a601-11ea-8ad6-00155dc1a843', 'Leandro Rodrigues do Nascimento', '72834153191', 23),
('e6e95cf3-a601-11ea-8ad6-00155dc1a843', 'Aline Cristina Romanini Cruvinel', '41297663800', 23),
('e6e95d46-a601-11ea-8ad6-00155dc1a843', 'Anderson Mendes Augusto', '02058512704', 23),
('e6e95d9c-a601-11ea-8ad6-00155dc1a843', 'Keila Barbosa Marques dos Santos Motinho', '12455170748', 23),
('e6e95df1-a601-11ea-8ad6-00155dc1a843', 'Karolina Gomes Miranda', '10266147755', 23),
('e6e95e4c-a601-11ea-8ad6-00155dc1a843', 'Carlos Alberto Sousa do Nascimento', '50666428549', 23),
('e6e95ea0-a601-11ea-8ad6-00155dc1a843', 'Francisco Tadeu Carneiro Filho', '78568730515', 23),
('e6e95ef4-a601-11ea-8ad6-00155dc1a843', 'Celso Roberto Ritter', '47087838920', 23),
('e6e95f47-a601-11ea-8ad6-00155dc1a843', 'Ricardo Bittencourt', '96186127915', 23),
('e6e95fa6-a601-11ea-8ad6-00155dc1a843', 'Robson Roberto Arbigaus Rothbarth', '04946058982', 23),
('e6e961f7-a601-11ea-8ad6-00155dc1a843', 'Livia Santos Silva', '01362696560', 23),
('e6e96252-a601-11ea-8ad6-00155dc1a843', 'Larissa Santos Leite Alves', '05781880585', 23),
('e6e962ab-a601-11ea-8ad6-00155dc1a843', 'Dayane Barros de Lima', '08458942429', 23),
('e6e96392-a601-11ea-8ad6-00155dc1a843', 'Gizelli Santos Lourenço Coutinho', '89979028300', 23),
('e6e963fb-a601-11ea-8ad6-00155dc1a843', 'Marbenha de Windson Brito Silva Linko', '40168999315', 23),
('e6e96454-a601-11ea-8ad6-00155dc1a843', 'Luiz Fernando Ramos Ferreira', '46042059300', 23),
('e6e964a7-a601-11ea-8ad6-00155dc1a843', 'Elisangela Araujo Pestana Motta', '80793924391', 23),
('e6e964f6-a601-11ea-8ad6-00155dc1a843', 'Wherbtyfran Cabral Teixeira', '66705223391', 23),
('e6e96545-a601-11ea-8ad6-00155dc1a843', 'Thiago Augusto Silva de Oliveira', '03296755322', 23),
('e6e96595-a601-11ea-8ad6-00155dc1a843', 'Andre Martins Maciel', '67644015353', 23),
('e6e965e9-a601-11ea-8ad6-00155dc1a843', 'Danielson Ramos Araujo', '03242744322', 23),
('e6e9663a-a601-11ea-8ad6-00155dc1a843', 'Onassis Campos Caetano', '64205266691', 23),
('e6e96687-a601-11ea-8ad6-00155dc1a843', 'Edison Kubo', '01043280880', 23),
('e6e966d4-a601-11ea-8ad6-00155dc1a843', 'Catia Cristina Soares Costa', '14925406841', 23),
('e6e96727-a601-11ea-8ad6-00155dc1a843', 'Sueli de Oliveira Bonafe Santos', '14718142890', 23),
('e6e96779-a601-11ea-8ad6-00155dc1a843', 'Jose Glauco Grandi', '00724564853', 23),
('e6e967ca-a601-11ea-8ad6-00155dc1a843', 'Antonio Carlos Moreira', '00795425813', 23),
('e6e96819-a601-11ea-8ad6-00155dc1a843', 'Marcelo Francisco Rosa', '28202721857', 23),
('e6e96867-a601-11ea-8ad6-00155dc1a843', 'Pamela de Carvalho Castanho', '43064757865', 23),
('e6e968b8-a601-11ea-8ad6-00155dc1a843', 'Andreia Capitanam da Silva', '13024774807', 23),
('e6e9690e-a601-11ea-8ad6-00155dc1a843', 'Carla Miranda', '27647830864', 23),
('e6e96964-a601-11ea-8ad6-00155dc1a843', 'Ellen Cristina Lopes de Araújo', '40993538851', 23),
('e6e969b5-a601-11ea-8ad6-00155dc1a843', 'Gloria Andrade de Avila', '06159409867', 23),
('e6e96a06-a601-11ea-8ad6-00155dc1a843', 'Talita Medeiros Gavazzi Godoy', '30728784807', 23),
('e6e96a59-a601-11ea-8ad6-00155dc1a843', 'Thais Silva Oliveira', '03224606118', 23),
('e6e96aa8-a601-11ea-8ad6-00155dc1a843', 'Rubens Campos', '03235441859', 23),
('e6e96af5-a601-11ea-8ad6-00155dc1a843', 'Mair Ferreira Ramos', '13575740100', 23),
('e6e96b45-a601-11ea-8ad6-00155dc1a843', 'Giovana Monteiro Quinan Ferraz', '02802002180', 23),
('e6e96b95-a601-11ea-8ad6-00155dc1a843', 'Alessandra Costa Carneiro Correia', '00538686170', 23),
('e6e96be6-a601-11ea-8ad6-00155dc1a843', 'Heitor Caixeta Arantes', '02291719157', 23),
('e6e96c55-a601-11ea-8ad6-00155dc1a843', 'Marcos Vinicius Martins dos Santos', '04210761192', 23),
('e6e96cd4-a601-11ea-8ad6-00155dc1a843', 'Valdirene Cabral Silva', '87040646153', 23),
('e6e96d33-a601-11ea-8ad6-00155dc1a843', 'Marli Baranhuk', '77489756987', 23),
('e6e96d84-a601-11ea-8ad6-00155dc1a843', 'Maria Eduarda Lacerda de Larrazabal da Silva', '14183374472', 23),
('e6e96dd8-a601-11ea-8ad6-00155dc1a843', 'Alcione Ribeiro de Azevedo', '18980732287', 23),
('e6e96e26-a601-11ea-8ad6-00155dc1a843', 'Helena Lucia Menezes Ferreira', '32708610600', 23),
('e6e96e74-a601-11ea-8ad6-00155dc1a843', 'Deise Oliveira dos Santos Bonora', '69093555120', 23),
('e6e96ec1-a601-11ea-8ad6-00155dc1a843', 'Gilda Kessler Salatino', '12316270000', 23),
('e6e96f0f-a601-11ea-8ad6-00155dc1a843', 'Jose Alves Neto', '18438857191', 23),
('e6e96f5f-a601-11ea-8ad6-00155dc1a843', 'Luis Augusto de Andrade Gonzaga', '53862490106', 23),
('e6e96fb0-a601-11ea-8ad6-00155dc1a843', 'Neumar Ferraz de Souza Junior', '69629234149', 23),
('e6e97001-a601-11ea-8ad6-00155dc1a843', 'Sueli de Oliveira Bonafe Santos', '14718142890', 23),
('e6e9711c-a601-11ea-8ad6-00155dc1a843', 'Valdir Alves Lage', '40867927704', 23),
('e6e9718b-a601-11ea-8ad6-00155dc1a843', 'Elizangela Maria de Almeida', '03365772650', 23),
('e6e971da-a601-11ea-8ad6-00155dc1a843', 'Mario Luiz Farias Cavalcanti', '02792301414', 23),
('e6e9722c-a601-11ea-8ad6-00155dc1a843', 'Yamile Benaion Alencar', '44470061204', 23),
('e6e9727e-a601-11ea-8ad6-00155dc1a843', 'Lucio Lopes Raupp', '03889396992', 23),
('e6e972cd-a601-11ea-8ad6-00155dc1a843', 'Cesar Roberto Goes Carqueija', '56776950504', 23),
('e6e9731a-a601-11ea-8ad6-00155dc1a843', 'Marcia Silveira Bibiani', '14577100134', 23),
('e6e9736d-a601-11ea-8ad6-00155dc1a843', 'Inga Ludmila Veitenheimer Mendes', '10688273034', 23),
('e6e973bf-a601-11ea-8ad6-00155dc1a843', 'Maria Eugenia dos Santos Teixeira Saturni', '94172803849', 23),
('e6e97412-a601-11ea-8ad6-00155dc1a843', 'Rita de Cassia de Mattos', '35160420797', 23),
('e6e97464-a601-11ea-8ad6-00155dc1a843', 'Graziela Goncalves Magalhaes', '78086736504', 23),
('e6e974b6-a601-11ea-8ad6-00155dc1a843', 'Djalma Jorge de Santana Nunes', '03549763549', 23),
('e6e97509-a601-11ea-8ad6-00155dc1a843', 'Cesar Machado dos Santos', '93636520504', 23),
('e6e9755c-a601-11ea-8ad6-00155dc1a843', 'Antonio Cesar de Macedo Silva', '14013045591', 23),
('e6e975b0-a601-11ea-8ad6-00155dc1a843', 'Antonio Raimundo Alves de Jesus', '14013223520', 23),
('e6e97603-a601-11ea-8ad6-00155dc1a843', 'Julio Cesar do Nascimento Rabelo', '96241110578', 23),
('e6eba8b8-a601-11ea-8ad6-00155dc1a843', 'Claudia Rogeria Vieira Aragão', '62684434549', 23),
('e6eba998-a601-11ea-8ad6-00155dc1a843', 'Eliney Correa Porto', '51532778287', 23),
('e6ebaa02-a601-11ea-8ad6-00155dc1a843', 'Suzana Aparecida da Silva', '44243561168', 23),
('e6ebaa61-a601-11ea-8ad6-00155dc1a843', 'Karem Lima Cavalcante Barreto', '66830281253', 23),
('e6ebaac3-a601-11ea-8ad6-00155dc1a843', 'Rosa Vincenza Guaglianone de Souza', '15250857272', 23),
('e6ebab1e-a601-11ea-8ad6-00155dc1a843', 'Kelly de Vilhena Correa', '84344709268', 23),
('e6ebab76-a601-11ea-8ad6-00155dc1a843', 'Jader Pereira de Farias Neto', '83494154520', 23),
('e6ebabcb-a601-11ea-8ad6-00155dc1a843', 'Mylena Maria Salgueiro Santana', '05088866437', 23),
('e6ebacc5-a601-11ea-8ad6-00155dc1a843', 'Andrezza Marques Duque', '04622862409', 23),
('e6ebadc1-a601-11ea-8ad6-00155dc1a843', 'Renata de Oliveira Torres', '77673719720', 23),
('e6ebae1d-a601-11ea-8ad6-00155dc1a843', 'Mara Carniel Muniz', '66228069004', 23),
('e6ebae81-a601-11ea-8ad6-00155dc1a843', 'Guilherme Alves Ferreira e Oliveira', '06570385631', 23),
('e6ebaed5-a601-11ea-8ad6-00155dc1a843', 'Alexandre Rodrigo Mazzeto', '03242558960', 23),
('e6ebaf27-a601-11ea-8ad6-00155dc1a843', 'Elter Flavio Rabelo', '93029250997', 23),
('e6ebaf77-a601-11ea-8ad6-00155dc1a843', 'Alison Antonio Lucas Silva de Nazare', '01367296145', 23),
('e6ebafce-a601-11ea-8ad6-00155dc1a843', 'Danilo Assis Souza', '00958592179', 23),
('f8fc61d2-a74f-11ea-8ad6-00155dc1a843', 'Flavio Noronha de Freitas', '03477561589', 23),
('ffef6de4-96de-11ea-8ad6-00155dc1a843', 'Emanoel Tadeu Coelho da Costa', '21998031802', 22),
('ffef72ab-96de-11ea-8ad6-00155dc1a843', 'Marcos Antonio de Sousa Lima', '16886875809', 22),
('ffef7373-96de-11ea-8ad6-00155dc1a843', 'Artur dos Santos Ribeiro', '08893057816', 22),
('ffef740f-96de-11ea-8ad6-00155dc1a843', 'Elaine Cristina Silva Trindade', '17335984807', 22),
('ffef74a2-96de-11ea-8ad6-00155dc1a843', 'Lais Domingues Figueiredo', '34557904882', 22),
('ffef752b-96de-11ea-8ad6-00155dc1a843', 'Lenice Fonseca Ferreira Jorge Neto', '04027636880', 22),
('ffef75b1-96de-11ea-8ad6-00155dc1a843', 'Fausto Pagioli Faleiros', '29536078899', 22),
('ffef763a-96de-11ea-8ad6-00155dc1a843', 'Mario Eduardo Pulga', '97677353800', 22),
('ffef76c0-96de-11ea-8ad6-00155dc1a843', 'Josely Muniz Santos', '45064237200', 22),
('ffef774e-96de-11ea-8ad6-00155dc1a843', 'Maria Aparecida Lopes Monteiro Cardoso', '99403641649', 22),
('ffef77d2-96de-11ea-8ad6-00155dc1a843', 'Mario Rogerio Marotta', '26972905672', 22),
('ffef78d7-96de-11ea-8ad6-00155dc1a843', 'Julio Cesar da Silva', '89031270644', 22),
('ffef79a7-96de-11ea-8ad6-00155dc1a843', 'Elineth da Conceicao Braga Valente', '42781752215', 22),
('ffef7a2e-96de-11ea-8ad6-00155dc1a843', 'Silvia Lima de Miranda Leite', '30068843291', 22),
('ffef7ab7-96de-11ea-8ad6-00155dc1a843', 'Victor Russo Froes Rodrigues', '01469366207', 22),
('ffef7b53-96de-11ea-8ad6-00155dc1a843', 'Claudia Cardoso Seixas', '79643302253', 22),
('ffef7bd4-96de-11ea-8ad6-00155dc1a843', 'Jessica Bruna Palheta Angelo', '93314647204', 22),
('ffef7c56-96de-11ea-8ad6-00155dc1a843', 'Luciana Mota de Lima Pascoal', '93631006187', 22),
('ffef7cfa-96de-11ea-8ad6-00155dc1a843', 'Edmar Godoy Viggiano Pereira', '500063981 2', 22),
('ffef7d7d-96de-11ea-8ad6-00155dc1a843', 'Fabiano Dias Cardoso', '04859001656', 22),
('ffef7e01-96de-11ea-8ad6-00155dc1a843', 'Jairo Rodrigues da Silva', '00391292684', 22),
('ffef7e8c-96de-11ea-8ad6-00155dc1a843', 'Juliana Mourao de Figueiredo Oliveira', '03008203647', 22),
('ffef7f13-96de-11ea-8ad6-00155dc1a843', 'Carlos Frederico Loiola', '59815078615', 22),
('ffef7fa4-96de-11ea-8ad6-00155dc1a843', 'Edeltrudes  Maria Vilaca Calaca Camera', '27760537620', 22),
('ffef8029-96de-11ea-8ad6-00155dc1a843', 'Bruce Amir Dacier Lobato de Almeida', '03859611623', 22),
('ffef80af-96de-11ea-8ad6-00155dc1a843', 'Juliana Ordones Rego', '80957650663', 22),
('ffef8139-96de-11ea-8ad6-00155dc1a843', 'Reinaldo Florencio Moreira', '15045617672', 22),
('ffef81be-96de-11ea-8ad6-00155dc1a843', 'Elizabeth Maria Tavares Apgaua', '00728238608', 22),
('ffef8248-96de-11ea-8ad6-00155dc1a843', 'Gilberto Takao Sakamoto', '99979934891', 22),
('ffef82ca-96de-11ea-8ad6-00155dc1a843', 'Mesaque Araujo da Silva', '08642430818', 22),
('ffef8351-96de-11ea-8ad6-00155dc1a843', 'Mesaque Araujo da Silva', '25333933904', 22),
('ffef83cf-96de-11ea-8ad6-00155dc1a843', 'Sandra Zamboli Fontana', '25221899809', 22),
('ffef8453-96de-11ea-8ad6-00155dc1a843', 'Rubens dos Santos', '48555770815', 22),
('ffef84da-96de-11ea-8ad6-00155dc1a843', 'Luciana Miranda Silva', '17234821880', 22),
('ffef855b-96de-11ea-8ad6-00155dc1a843', 'Jaqueline Noguti Okamori', '21808818865', 22),
('ffef85df-96de-11ea-8ad6-00155dc1a843', 'Adalto de Jesus Vieira Pinto', '14518516850', 22),
('ffef8667-96de-11ea-8ad6-00155dc1a843', 'Jose Donizetti Morbidelli', '71756884668', 22),
('ffef86ee-96de-11ea-8ad6-00155dc1a843', 'Ricardo Boim', '72169524649', 22),
('ffef8773-96de-11ea-8ad6-00155dc1a843', 'Marcela Noguti Ambrosio', '21808819837', 22),
('ffef87f7-96de-11ea-8ad6-00155dc1a843', 'Clemerson Luiz Schirato', '28347777802', 22),
('ffef887c-96de-11ea-8ad6-00155dc1a843', 'Marco Aurelio da Costa', '26764287805', 22),
('ffef8908-96de-11ea-8ad6-00155dc1a843', 'Paulo Eduardo Reif de Jesus Netto Junior', '36119573801', 22),
('ffef898b-96de-11ea-8ad6-00155dc1a843', 'Suzana Dantas dos Santos', '25794172819', 22),
('ffef8a0b-96de-11ea-8ad6-00155dc1a843', 'Marize dos Santos Silva', '61934666491', 22),
('ffef8a8e-96de-11ea-8ad6-00155dc1a843', 'Damaris de Souza Carvalho', '08703374831', 22),
('ffef8b14-96de-11ea-8ad6-00155dc1a843', 'Johana Manuela Portela Pereira', '91675561591', 22),
('ffef8b88-96de-11ea-8ad6-00155dc1a843', 'Attair Batista da Silva', '69270813134', 22),
('ffef8c0e-96de-11ea-8ad6-00155dc1a843', 'Marli Rodrigues Baranhuk', '77489756987', 22),
('ffef8c8f-96de-11ea-8ad6-00155dc1a843', 'Gean Anderson Silva', '01979192944', 22),
('ffef8d17-96de-11ea-8ad6-00155dc1a843', 'Ricardo Lofit Araujo', '54457220310', 22),
('ffef8d99-96de-11ea-8ad6-00155dc1a843', 'Manuela Dolinsky', '02182935770', 22),
('ffef8e25-96de-11ea-8ad6-00155dc1a843', 'Joao Guilherme Calixto Almeida', '85937827791', 22),
('ffef8eab-96de-11ea-8ad6-00155dc1a843', 'Amanda Rocha de Aguiar Bettim', '08310958730', 22),
('ffef8f36-96de-11ea-8ad6-00155dc1a843', 'Sergio Satori Mori', '62384228900', 22),
('ffef8fbc-96de-11ea-8ad6-00155dc1a843', 'Zuleneide Formiga Pereira de Alencar', '65194985487', 22),
('ffef903e-96de-11ea-8ad6-00155dc1a843', 'Thiago Sebadelhe Nobrega', '08965488486', 22),
('ffef90c6-96de-11ea-8ad6-00155dc1a843', 'Francisco de Assis Philomeno Gomes Junior', '04097106368', 22),
('ffef9150-96de-11ea-8ad6-00155dc1a843', 'Karina Moreira Nunes', '61367753368', 22),
('ffef91d4-96de-11ea-8ad6-00155dc1a843', 'Carine Furtado Damasceno', '62296434304', 22),
('ffef9256-96de-11ea-8ad6-00155dc1a843', 'Victor Felipe Fernandes de Lucena', '01143929357', 22),
('ffef92d6-96de-11ea-8ad6-00155dc1a843', 'Paulo Cesar Nauiack', '32077165987', 22),
('ffef9357-96de-11ea-8ad6-00155dc1a843', 'Luciane Ferreira dos Santos', '83865950949', 22),
('ffef93d7-96de-11ea-8ad6-00155dc1a843', 'Mauro Gil Meger', '45698139920', 22),
('ffef945c-96de-11ea-8ad6-00155dc1a843', 'Willian Tomasi Perin', '05290760989', 22),
('ffef94df-96de-11ea-8ad6-00155dc1a843', 'Marcio Borges laurentino', '02365126928', 22),
('ffef966a-96de-11ea-8ad6-00155dc1a843', 'Henrique David Alves de Mendonca', '53220234534', 22),
('ffef9714-96de-11ea-8ad6-00155dc1a843', 'Roberta Amaral Torres de Carvalho', '01730281524', 22),
('ffef97a7-96de-11ea-8ad6-00155dc1a843', 'Tabhata Almeida Barros', '98639765553', 22),
('ffef9831-96de-11ea-8ad6-00155dc1a843', 'Robert James Kruger', '74790129004', 22),
('ffef98b6-96de-11ea-8ad6-00155dc1a843', 'Joao Gabriel Cardoso de Mello', '00736049924', 22),
('ffef993a-96de-11ea-8ad6-00155dc1a843', 'Joaquim Fernandes', '04308891191', 22),
('ffef9abe-96de-11ea-8ad6-00155dc1a843', 'Mario Chaves Pugas', '23318554120', 22),
('ffef9b59-96de-11ea-8ad6-00155dc1a843', 'Solange Evangelista Albuquerque', '61503436420', 22),
('ffef9be5-96de-11ea-8ad6-00155dc1a843', 'Geane Maria do Carmo', '03887345401', 22),
('ffef9c74-96de-11ea-8ad6-00155dc1a843', 'Patricia Rossafa Branco', '02393932950', 22),
('ffef9cfb-96de-11ea-8ad6-00155dc1a843', 'Rubia Marcia Benatti', '53052838920', 22),
('ffef9d80-96de-11ea-8ad6-00155dc1a843', 'Livia Alves Luz Bolognesi', '37454072534', 22),
('ffef9e03-96de-11ea-8ad6-00155dc1a843', 'Laercio Osorio Tissot', '56733720949', 22),
('ffef9e87-96de-11ea-8ad6-00155dc1a843', 'Alexandre Vinicius Santos Leithold', '05722011924', 22),
('ffef9f0f-96de-11ea-8ad6-00155dc1a843', 'Marilda da Luz Camili Mastrangelo', '56733720949', 22),
('fff090e9-96de-11ea-8ad6-00155dc1a843', 'Nadja dos Santos Coqueijo Fidalgo', '04140745568', 22),
('fff0aae6-96de-11ea-8ad6-00155dc1a843', 'Paula Barbara de Jesus Marques', '05812167508', 22),
('fff0abe1-96de-11ea-8ad6-00155dc1a843', 'Magda Fernandes Pinto Veiga', '43833829591', 22),
('fff0ac78-96de-11ea-8ad6-00155dc1a843', 'Kaline de Melo Rocha', '04763830309', 22),
('fff0ad07-96de-11ea-8ad6-00155dc1a843', 'Michele Santos de Lima', '51657813215', 22),
('fff0ad95-96de-11ea-8ad6-00155dc1a843', 'Alessandra Costa Pacheco', '68480547200', 22),
('fff0ae1c-96de-11ea-8ad6-00155dc1a843', 'Juliane Marafon', '93839030900', 22),
('fff0b192-96de-11ea-8ad6-00155dc1a843', 'Bianca Araujo de Morais', '70696543168', 22),
('fff0b472-96de-11ea-8ad6-00155dc1a843', 'Ana Paula Almenara Ferreira', '08735644729', 22),
('fff0c233-96de-11ea-8ad6-00155dc1a843', 'Maria Fernanda Cunha Camargos', '98178830604', 22),
('fff0c801-96de-11ea-8ad6-00155dc1a843', 'Jackson Silva Paulo Ferreira', '029 963 156', 22),
('fff0c8cc-96de-11ea-8ad6-00155dc1a843', 'Daniele Viana Diniz de Carvalho', '02664926497', 22),
('fff0c992-96de-11ea-8ad6-00155dc1a843', 'Maria do Desterro Gomes', '18137989404', 22),
('fff0ca23-96de-11ea-8ad6-00155dc1a843', 'Pedro Schultz Fonseca Baptista', '06041211648', 22),
('fff0cab1-96de-11ea-8ad6-00155dc1a843', 'Maria do Ceu Silva de Campos', '42555582215', 22),
('fff0cb3c-96de-11ea-8ad6-00155dc1a843', 'Luiz Paulo Araujo Faria', '04761335726', 22),
('fff0cbc7-96de-11ea-8ad6-00155dc1a843', 'Fernando Mauro Muniz Ferreira', '06538700861', 22),
('fff0cc49-96de-11ea-8ad6-00155dc1a843', 'Leticia Frohlich Padilha', '03061777300', 22),
('fff0cccd-96de-11ea-8ad6-00155dc1a843', 'Deolindo Luiz Rodrigues Neto', '90765494353', 22),
('fff0cd55-96de-11ea-8ad6-00155dc1a843', 'Liene de Jesus Carvalho Praseres Ferreira', '95945482315', 22),
('fff0cddd-96de-11ea-8ad6-00155dc1a843', 'Catia Stellio Sashida', '07661950820', 22),
('fff0ce66-96de-11ea-8ad6-00155dc1a843', 'Getulio de Castro Mendonca', '75030373187', 22),
('fff0ceee-96de-11ea-8ad6-00155dc1a843', 'Onassis Campos Caetano', '64205266391', 22),
('fff0d030-96de-11ea-8ad6-00155dc1a843', 'Daniela Ferreira de Oliveira', '64449939387', 22),
('fff0d0e2-96de-11ea-8ad6-00155dc1a843', 'Erisvalda Pereira do Nascimento Costa', '67681670300', 22),
('fff0d51d-96de-11ea-8ad6-00155dc1a843', 'Jose Sergio Ackel', '56484216800', 22),
('fff0d5d9-96de-11ea-8ad6-00155dc1a843', 'Roberto Munuera Reyes', '10415941865', 22),
('fff0d673-96de-11ea-8ad6-00155dc1a843', 'Clarisse Coutinho Beck e Silva', '37051743805', 22),
('fff0d7f2-96de-11ea-8ad6-00155dc1a843', 'Marco Antonio Teixeira da Silva', '01065161832', 22),
('fff0d8a4-96de-11ea-8ad6-00155dc1a843', 'Marcos Stefano Zastavny do Couto', '26173155842', 22),
('fff0d93a-96de-11ea-8ad6-00155dc1a843', 'Janaina Baptista', '36947006848', 22),
('fff0d9c6-96de-11ea-8ad6-00155dc1a843', 'Adolfo Julio Derner Filho', '06060899935', 22),
('fff0da48-96de-11ea-8ad6-00155dc1a843', 'Paulo Augusto Aragao Zunino', '71620168987', 22),
('fff0daca-96de-11ea-8ad6-00155dc1a843', 'Leonardo Ribeiro Fuerth', '76686493791', 22),
('fff0db4b-96de-11ea-8ad6-00155dc1a843', 'Marcelo Oliveira de Almeida', '04429825740', 22),
('fff0dbce-96de-11ea-8ad6-00155dc1a843', 'Roberta Cristina Sa Martins', '08131128776', 22),
('fff0dc57-96de-11ea-8ad6-00155dc1a843', 'Daiane Felix  da Silva Pequeno', '08671108481', 22),
('fff0dce0-96de-11ea-8ad6-00155dc1a843', 'Maria Jose Araujo da Silva', '35338320400', 22),
('fff0ddaa-96de-11ea-8ad6-00155dc1a843', 'Marcia da Silva Tavares', '30493595791', 22);

DELIMITER $$
CREATE TRIGGER `init_uuid` BEFORE INSERT ON `participantes`
 FOR EACH ROW set new.id = UUID()
$$
DELIMITER ;

CREATE TABLE IF NOT EXISTS `Participante_has_Workshop` (
  `idParticipante` int(11) DEFAULT NULL,
  `idWorkshop` int(11) DEFAULT NULL
) ENGINE=InnoDB DEFAULT CHARSET=latin1;

INSERT INTO `Participante_has_Workshop` (`idParticipante`, `idWorkshop`) VALUES
(1, 3),
(2, 5),
(3, 2),
(4, 1),
(5, 2),
(6, 1),
(7, 4),
(8, 3),
(9, 1),
(10, 4),
(11, 1),
(12, 3),
(13, 5),
(14, 4),
(15, 1),
(16, 5),
(17, 5),
(18, 3),
(19, 2),
(20, 2),
(21, 3),
(22, 4),
(23, 2),
(24, 3),
(25, 2),
(26, 5),
(27, 2),
(28, 3),
(29, 5),
(30, 4),
(31, 1),
(32, 5),
(33, 1),
(34, 1),
(35, 1),
(36, 5),
(37, 1),
(38, 4),
(39, 1),
(40, 4),
(41, 5),
(42, 2),
(43, 2),
(44, 4),
(45, 4),
(46, 4),
(47, 1),
(48, 5),
(49, 2),
(50, 2),
(51, 1),
(52, 2),
(53, 3),
(54, 2),
(55, 2),
(56, 3),
(57, 5),
(58, 5),
(59, 3),
(61, 1),
(62, 5),
(63, 2),
(64, 2),
(65, 5),
(66, 4),
(67, 4),
(68, 1),
(69, 2),
(70, 2),
(71, 5),
(72, 1),
(73, 2),
(74, 5),
(75, 3),
(76, 2),
(77, 3),
(78, 3),
(79, 4),
(80, 1),
(81, 3),
(82, 3),
(83, 5),
(84, 4),
(85, 5),
(86, 5),
(87, 2),
(88, 5),
(89, 1),
(90, 1),
(91, 2),
(92, 4),
(93, 2),
(94, 5),
(95, 2),
(96, 4),
(97, 3),
(98, 5),
(99, 5),
(100, 1),
(101, 1),
(102, 2),
(103, 5),
(104, 5),
(105, 2),
(106, 2),
(107, 1),
(108, 1),
(109, 5),
(110, 4),
(111, 5),
(112, 5),
(113, 1),
(114, 1),
(115, 4),
(116, 4),
(117, 5),
(118, 3),
(119, 2),
(120, 1),
(121, 3),
(122, 1),
(123, 2),
(124, 5),
(125, 1),
(126, 3),
(127, 1),
(128, 3),
(129, 5),
(130, 4),
(131, 4),
(132, 4),
(133, 1),
(134, 3),
(135, 5),
(136, 5),
(137, 4),
(139, 2),
(140, 5),
(141, 4),
(143, 2),
(144, 2),
(145, 1),
(146, 5),
(147, 2),
(148, 2),
(149, 3),
(150, 2),
(151, 4),
(152, 1),
(153, 2),
(154, 4),
(155, 4),
(156, 5),
(157, 5),
(158, 5),
(159, 1),
(160, 2),
(161, 3),
(162, 4),
(163, 4),
(164, 3),
(165, 3),
(166, 5),
(167, 3),
(168, 3),
(169, 3),
(170, 4),
(172, 4),
(173, 2),
(174, 1),
(175, 3),
(176, 5),
(177, 2),
(178, 4),
(179, 2),
(180, 5),
(181, 5),
(182, 1),
(183, 4),
(184, 1),
(185, 5),
(186, 1),
(187, 1),
(188, 3),
(189, 3),
(190, 2),
(191, 5),
(192, 3),
(193, 4),
(194, 5),
(195, 2),
(196, 5),
(197, 2),
(198, 5),
(199, 4),
(200, 2),
(201, 5),
(202, 3),
(203, 5),
(204, 2),
(205, 2),
(206, 5),
(207, 5),
(208, 1),
(209, 2),
(210, 4),
(211, 3),
(212, 5),
(213, 2),
(214, 5),
(215, 3),
(216, 5),
(217, 3),
(218, 4),
(219, 2),
(220, 1),
(221, 2),
(222, 2),
(223, 5),
(224, 1),
(225, 5),
(226, 5),
(227, 4),
(228, 5),
(229, 3),
(1, 10),
(2, 9),
(3, 6),
(4, 10),
(5, 9),
(6, 7),
(7, 9),
(8, 7),
(9, 10),
(10, 10),
(11, 7),
(12, 7),
(13, 10),
(14, 10),
(15, 8),
(16, 8),
(17, 10),
(18, 6),
(19, 10),
(20, 6),
(21, 10),
(22, 8),
(23, 6),
(24, 6),
(25, 10),
(26, 10),
(27, 9),
(28, 7),
(29, 10),
(30, 6),
(31, 10),
(32, 9),
(33, 8),
(34, 8),
(35, 7),
(36, 9),
(37, 7),
(38, 10),
(39, 7),
(40, 10),
(41, 8),
(42, 10),
(43, 10),
(44, 10),
(45, 8),
(46, 10),
(47, 8),
(48, 8),
(49, 6),
(50, 10),
(51, 6),
(52, 6),
(53, 7),
(54, 8),
(55, 6),
(56, 8),
(57, 6),
(58, 10),
(59, 9),
(61, 7),
(62, 10),
(63, 7),
(64, 8),
(65, 9),
(66, 10),
(67, 10),
(68, 8),
(69, 10),
(70, 8),
(71, 10),
(72, 9),
(73, 9),
(74, 9),
(75, 8),
(76, 10),
(77, 8),
(78, 8),
(79, 10),
(80, 8),
(81, 7),
(82, 7),
(83, 10),
(84, 10),
(85, 8),
(86, 9),
(87, 10),
(88, 9),
(89, 8),
(90, 6),
(91, 6),
(92, 10),
(93, 7),
(94, 10),
(95, 6),
(96, 10),
(97, 8),
(98, 8),
(99, 8),
(100, 7),
(101, 7),
(102, 7),
(103, 9),
(104, 9),
(105, 9),
(106, 10),
(107, 8),
(108, 7),
(109, 10),
(110, 6),
(111, 10),
(112, 9),
(113, 6),
(114, 10),
(115, 10),
(116, 10),
(117, 9),
(118, 6),
(119, 6),
(120, 8),
(121, 7),
(122, 8),
(123, 8),
(124, 8),
(125, 9),
(126, 6),
(127, 10),
(128, 8),
(129, 9),
(130, 7),
(131, 10),
(132, 8),
(133, 7),
(134, 8),
(135, 7),
(136, 10),
(137, 9),
(139, 9),
(140, 8),
(141, 6),
(143, 10),
(144, 6),
(145, 10),
(146, 9),
(147, 9),
(148, 10),
(149, 9),
(150, 10),
(151, 6),
(152, 8),
(153, 8),
(154, 8),
(155, 6),
(156, 10),
(157, 10),
(158, 10),
(159, 9),
(160, 10),
(161, 6),
(162, 6),
(163, 10),
(164, 8),
(165, 6),
(166, 8),
(167, 10),
(168, 10),
(169, 10),
(170, 8),
(171, 9),
(172, 6),
(173, 7),
(174, 10),
(175, 10),
(176, 8),
(177, 10),
(178, 10),
(179, 8),
(180, 10),
(181, 9),
(182, 7),
(183, 8),
(184, 7),
(185, 10),
(186, 9),
(187, 7),
(188, 10),
(189, 10),
(190, 10),
(191, 6),
(192, 8),
(193, 10),
(194, 6),
(195, 10),
(196, 9),
(197, 6),
(198, 9),
(199, 8),
(200, 7),
(201, 9),
(202, 7),
(203, 10),
(204, 9),
(205, 10),
(206, 9),
(207, 10),
(208, 9),
(209, 8),
(210, 10),
(211, 8),
(212, 6),
(213, 7),
(214, 8),
(215, 7),
(216, 8),
(217, 8),
(218, 6),
(219, 6),
(220, 8),
(221, 6),
(222, 10),
(223, 9),
(224, 6),
(225, 9),
(226, 10),
(227, 6),
(228, 6),
(229, 6),
(1, 13),
(2, 11),
(3, 12),
(4, 12),
(5, 11),
(6, 14),
(7, 11),
(8, 15),
(9, 15),
(10, 14),
(11, 15),
(12, 11),
(13, 14),
(14, 13),
(15, 12),
(16, 15),
(17, 14),
(18, 15),
(19, 12),
(20, 12),
(21, 12),
(22, 15),
(23, 12),
(24, 11),
(25, 12),
(26, 11),
(27, 11),
(28, 11),
(29, 15),
(30, 13),
(31, 15),
(32, 11),
(33, 13),
(34, 12),
(35, 11),
(36, 11),
(37, 11),
(38, 15),
(39, 13),
(40, 12),
(41, 11),
(42, 14),
(43, 15),
(44, 13),
(45, 12),
(46, 15),
(47, 15),
(48, 11),
(49, 11),
(50, 12),
(51, 12),
(52, 13),
(53, 11),
(54, 14),
(55, 15),
(56, 15),
(57, 13),
(58, 14),
(59, 11),
(60, 14),
(61, 12),
(62, 11),
(63, 14),
(64, 15),
(65, 14),
(66, 12),
(67, 12),
(68, 11),
(69, 12),
(70, 12),
(71, 13),
(72, 11),
(73, 15),
(74, 14),
(75, 13),
(76, 13),
(77, 12),
(78, 15),
(79, 13),
(80, 11),
(81, 14),
(82, 11),
(83, 11),
(84, 13),
(85, 11),
(86, 11),
(87, 14),
(88, 11),
(89, 15),
(90, 13),
(91, 11),
(92, 13),
(93, 11),
(94, 11),
(95, 15),
(96, 13),
(97, 11),
(98, 11),
(99, 15),
(100, 15),
(101, 12),
(102, 13),
(103, 11),
(104, 11),
(105, 14),
(106, 11),
(107, 14),
(108, 14),
(109, 12),
(110, 12),
(111, 11),
(112, 11),
(113, 15),
(114, 11),
(115, 11),
(116, 11),
(117, 15),
(118, 11),
(119, 13),
(120, 11),
(121, 11),
(122, 12),
(123, 12),
(124, 13),
(125, 15),
(126, 15),
(127, 14),
(128, 11),
(129, 14),
(130, 13),
(131, 12),
(132, 15),
(133, 11),
(134, 11),
(135, 14),
(136, 15),
(137, 15),
(138, 12),
(139, 11),
(140, 12),
(141, 12),
(142, 12),
(143, 11),
(144, 13),
(145, 12),
(146, 12),
(147, 12),
(148, 12),
(149, 11),
(150, 13),
(151, 12),
(152, 11),
(153, 11),
(154, 12),
(155, 12),
(156, 12),
(157, 13),
(158, 12),
(159, 14),
(160, 13),
(161, 15),
(162, 15),
(163, 13),
(164, 13),
(165, 15),
(166, 11),
(167, 12),
(168, 11),
(169, 11),
(170, 12),
(171, 11),
(172, 12),
(173, 13),
(174, 12),
(175, 11),
(176, 12),
(177, 12),
(178, 12),
(179, 12),
(180, 14),
(181, 15),
(182, 11),
(183, 12),
(184, 12),
(185, 12),
(186, 14),
(187, 15),
(188, 11),
(189, 14),
(190, 12),
(191, 11),
(192, 12),
(193, 13),
(194, 12),
(195, 12),
(196, 12),
(197, 11),
(198, 11),
(199, 12),
(200, 12),
(201, 11),
(202, 11),
(203, 11),
(204, 12),
(205, 13),
(206, 11),
(207, 12),
(208, 12),
(209, 11),
(210, 12),
(211, 11),
(212, 12),
(213, 12),
(214, 14),
(215, 15),
(216, 12),
(217, 12),
(218, 12),
(219, 11),
(220, 15),
(221, 11),
(222, 13),
(223, 14),
(224, 12),
(225, 14),
(226, 12),
(227, 11),
(228, 13),
(229, 12),
(230, 5),
(230, 6),
(231, 10),
(231, 12),
(232, 5),
(232, 8),
(232, 11);

CREATE TABLE IF NOT EXISTS `Workshop` (
  `idWorkshop` int(11) NOT NULL,
  `descricao` varchar(100) DEFAULT NULL,
  `palestrante` varchar(50) DEFAULT NULL,
  `dia` varchar(11) DEFAULT NULL,
  `cargahoraria` varchar(3) DEFAULT NULL,
  `assinatura` varchar(20) DEFAULT NULL,
  `programacao` varchar(1500) DEFAULT NULL
) ENGINE=InnoDB AUTO_INCREMENT=16 DEFAULT CHARSET=latin1;

INSERT INTO `Workshop` (`idWorkshop`, `descricao`, `palestrante`, `dia`, `cargahoraria`, `assinatura`, `programacao`) VALUES
(1, 'A prática na operacionalização do Pregão Eletrônico no Sistema Siasg - Comprasnet', 'Prof. Robson Lima', '15/08/2018', '6', 'robson-lima', '\n\n\n>> Passo a Passo na operacionalização do Sistema Siasg - Comprasnet;\n>> Inserção de um Pregão no sistema Siasg;\n>> A correta aplicabilidade do Catmat e CatServ;\n>> O agrupamento de itens em Grupo;\n>> A demonstração da transferência do Edital;\n>> A inclusão de um Pregão pelo Sistema de Registro de Preços - IRP;\n>> Especialização do Gerenciador de Senhas para Conselhos Profissionais;\n\n '),
(2, 'As inovações e principais diretrizes da IN nº 05/2017', 'Prof.ª Flaviana Paim', '15/08/2018', '6', 'flaviana-paim', '>> O impacto da Lei nº 13.429/2017 nas contratações públicas; \n>> Orientações sobre a Terceirização de serviços na IN nº 5/2017 \ne atividades que podem ser terceirizadas; \n>> Planejamento das contratações: fases da contratação, detalhamento trazido na nova norma; \n>> Composição da equipe de planejamento;\n>> O gerenciamento de Risco e a elaboração do necessário Mapa de Risco; \n>> Diretrizes do instrumento Convocatório e Termo de Referência/Projeto Básico;\n>> Adoção de minutas padronizadas e a possibilidade de adaptação e utilização de minutas diferenciadas;\n>> O Instrumento de Medição do Resultado-IMR;\n>> Procedimentos de gerenciamento de risco para serviços com dedicação exclusiva de mão de obra;\n>> Pagamento conforme fato gerador;\n>> Como deverá funcionar pagamento mediante conta depósito vinculada;\n>> Procedimentos de Gestão e Fiscalização de contrato com base em indicadores;\n>> Novos atores de acompanhamento e fiscalização de contratos: Papel de cada agente e procedimentos para indicação e designação;\n>> A nova Planilha de Custos e Formação de Preços para contratação de serviços continuados com dedicação de mão de obra;\n>> Cuidados a serem observados pelos Conselhos na elaboração e julgamento;'),
(3, 'A Eficiência na Elaboração de Termo de Referência e Edital e seus anexos', 'Prof. Felipe Ansaloni', '15/08/2018', '6', 'felipe-ansaloni', '\n\n\n>> Cautelas na elaboração da especificação do objeto detalhadamente;\n>> Exigência de amostras e laudos - Cautelas;\n>> Exigências restritivas e exorbitantes;\n>> Exigências legais e necessárias - Segurança Jurídica da contratação;\n>> Modelos de TR e Edital da AGU;\n>> As peculiaridades dos Editais com participação das Microempresas e Empresas de Pequeno Porte nas Contratações Públicas: Benefícios nas licitações e Licitações exclusivas;\n>> As alterações promovidas pela LC 147/2014;\n>> A participação de MEI nas licitações;\n\n'),
(4, 'Compras Patrimoniais - Planejamento e Gestão Sustentável', 'Prof. Nilton Cordoni', '15/08/2018', '6', 'nilton-cordoni', '\n\n\n>> Classificação;\n>> Cautelas na Incorporação e Desincorporação;\n>> Depreciação e Amortização;\n>> (Re)avaliação de Bens Patrimoniais;\n>> Organização e Controle do Almoxarifado;\n>> Análise do Consumo Médio e Sazonalidade;\n>> Almoxarifado em Cada Setor - Distorção Quantitativa;\n>> Novas Tecnologias de Produtos e Benefícios;\n>> Recebimento dos Bens - Etapas e Cuidados;\n>> Indicadores de Consumo;\n\n'),
(5, 'Contratos Administrativos - A adequada adoção dos institutos do Reajuste, Repactuação e Revisão', 'Prof. Jaques Reolon', '15/08/2018', '6', 'jaques-reolon', '>> Contratos Administrativos - Regras Gerais;\n>> Contrato de Vigência (Serviços Continuados);\n>> Contratos de Escopo por Objeto / por Resultado (Demais serviços);\n>> Termo Contratual - Nota de Empenho - Outro Instrumento hábil;\n>> Alterações Contratuais - Aditivos;\n>> A Adoção dos Institutos do Reajuste, Repactuação e Revisão de Preços na ótica da IN nº 05/2017;\n>> Vícios na Aplicabilidade Ineficaz de cada instituto;\n>> Como proceder nos casos de Edital/Contratos sem previsão legal de Reajuste?;\n>> Os problemas recorrentes das planilhas de custos quando da aplicação dos Institutos;\n>> Repactuação da mão de obra em contratos contínuos com dedicação de mão de obra;\n>> Requisitos, formalidades e prazo para concessão;\n>> Impossibilidade de inclusão de itens não previstos em Convenção Coletiva por meio de repactuação;\n>> Revisão do Vale Transporte - Repactuação ou Revisão?;\n>> Revisão de contrato em função da alteração de apenas um insumo ou serviço;\n>> As necessárias demonstrações de prejuízos para concessão do reequilíbrio-econômico;\n'),
(6, 'Elaboração dos Estudos Preliminares - Gestão de Riscos e Mapa de Riscos - IN nº 05/2017', 'Prof. Luciano Reis', '16/08/2018', '6', 'luciano-reis', '\n\n\n>> As novas diretrizes da IN nº 05/2017 aplicável aos Conselhos;\n>> Fase Interna - Planejamento da Contratação;\n>> Estudos Preliminares;\n>> A aplicação de políticas adequadas de prevenção e alcance de objetivos;\n>> Gestão de Riscos adequado às contratações dos Conselhos Profissionais;\n>> Elaboração de Mapa de Riscos - Responsabilidade na elaboração;\n\n'),
(7, 'Formação, Capacitação e Qualificação de Pregoeiros', 'Prof.ª Valéria Cordeiro', '16/08/2018', '6', 'valeria-cordeiro', '\n\n\n>> Aspectos teóricos, jurídicos e práticos na adoção do Pregão Eletrônico;\n>> Simulado do Pregão Eletrônico;\n>> A demonstração de cada fase de uma Sessão Pública;\n>> Os prejuízos da condução indevida do pregão;\n>> As desclassificações sem motivação e recursos administrativos provenientes;\n>> A obrigatoriedade da indicação na proposta da marca/modelo e fabricante do objeto;\n>> A desclassificação da marca genérica - A observância do Acórdão TCU 1.034/2007-Plenário;\n>> O cancelamento de itens na constatação de vício - Princípio da autotutela;\n>> A obrigatoriedade da aceitação do registro da intenção de recursos;\n>> O Retorno de fases da licitação - Motivos e consequências;\n>> A adjudicação, homologação e contratação;\n>> Certificação para atuar na Função de Pregoeiro;\n\n'),
(8, 'Gestão e Fiscalização de Contratos e Recebimento de Objetos', 'Prof. Anderson Pedra', '16/08/2018', '6', 'anderson-pedra', '\n\n\n>> Função do Fiscal e Gestor de Contratos sob a ótica da IN nº 05/2017;\n>> Características do Fiscal Técnico, Administrativo e Setorial;\n>> Os Limites da atuação dos Fiscais e Gestores;\n>> A obrigatoriedade da fiscalização e aplicação de penalidade pelo descumprimento contratual;\n>> A responsabilidade do procedimento de apuração da penalidade. A quem cabe?;\n>> A importância das ressalvas do Acórdão 1214/2013-Plenário;\n>> Check-List do Fiscal para Execução de Serviços e Recebimento de Materiais;\n>> A função do Preposto nas contratações;\n>> A Garantia do Código de Defesa do Consumidor (CDC) aplicável à Administração;\n>> Os prejuízos do recebimento de objetos na entrega em desacordo com o julgamento na Sessão Pública - Acórdão TCU 558/2010 - Plenário.;\n\n'),
(9, 'Sanções Administrativas - Penalidades aplicáveis a Licitantes e Contratados', 'Prof. Ronny Charles', '16/08/2018', '6', 'ronny-charles', '\n\n>> Autarquias ou entidades paraestatais;\n>> Ausência de supervisão ministerial;\n>> Relação entre Conselhos (federal e local);\n>> Fundamentos das sanções administrativa nas licitações;\n>> Aspectos do sancionamento administrativo;\n>> Processo administrativo;\n>> Conjunto de poderes conferidos, para o exercício de atividades administrativas;\n>> É irrenunciável? Pode ser delegada? Pode ser avocada?;\n>> Sanções na Lei no 8.666/93;\n>> Advertência, Multa, Suspensão;\n>> Declaração de Inidoneidade;\n>> Desconsideração da personalidade jurídica para o STJ e o TCU;\n>> Desconsideração da personalidade jurídica na Lei 12.846/13;\n\n'),
(10, 'O papel do Controle Interno nos Conselhos como instrumento para o aprimoramento da gestão', 'Prof. Nilton Cordoni', '16/08/2018', '6', 'nilton-cordoni', '\n\n\n\n\n>> A Boa Prática na análise dos procedimentos;\n\n>> Estudo e Debate sobre aspectos polêmicos sobre o tema;\n\n>> Responsabilidade dos Agentes;\n\n'),
(11, 'Dispensa e Inexigibilidade - Cautelas e Vícios na adoção dos institutos', 'Prof.ª Valéria Cordeiro', '17/08/2018', '4', 'valeria-cordeiro', '\n\n\n>> As diferenças na adoção dos Institutos;\n>> O dever de licitar;\n>> Dispensa pelo valor. Os vícios do fracionamento nas contratações;\n>> As contratações por emergência, - Inciso IV - Cautelas;\n>> Definição do objeto do contrato emergencial;\n>> Vigência e prorrogação do contrato emergencial;\n>> As polêmicas nas contratações por dispensa com base no art. 24,Incisos V, VII, XI e XVII;\n>> Contratação de inscrição em cursos abertos por inexigibilidade;\n>> Contratações de cursos comuns por licitação;\n>> A Súmula 264 do TCU - Contratação de profissionais/empresas - serviços técnicos de notória especialização;\n>> Situações anômalas que indicam a contratação de assessoria técnica por inexigibilidade - Justificativas;\n>> A demonstração dos preços de mercado para cada caso;\n\n'),
(12, 'A Eficiência do Planejamento na Elaboração de Relatório de Gestão para o TCU', 'Prof. Paulo Porto', '17/08/2018', '4', 'paulo-porto', '\n\n>> Contas anuais e seus julgamentos no TCU;\n>> Governança, transparência e controle social;  \n>> Novo modelo de contas; DN TCU nº 161/2017; Portaria TCU nº 65/2018; \n>> Acesso e uso do sistema E-contas; Relatório de Gestão; \n>> Elementos Pré-Textuais; Visão Geral; \n>> Planejamento Organizacional e Resultados; Governança, Gestão de Riscos e Controles Internos; \n>> Áreas Especiais da Gestão; Relacionamento com a Sociedade; Desempenho Financeiro e Informações Contábeis; \n>> Conformidade da Gestão e Demandas de Controle;\n\n'),
(13, 'Orçamento e Contabilidade Pública à luz do Manual de Contabilidade aplicada ao Setor Público', 'Prof. Nilton Cordoni', '17/08/2018', '4', 'nilton-cordoni', '\n\n>> Nova Contabilidade Pública;\n>> O que é Proposta Orçamentária?;\n>> Quais as informações necessárias para elaboração da Proposta Orçamentária?;\n>> Como utilizar o Superávit Financeiro na Proposta Orçamentária?;\n>> Em que tipo de despesa pode ser utilizada a venda de um imóvel?;\n>> O que é Reserva de Contingência e quando usá-la?;\n>> O que é receita/despesa corrente e de capital?;\n>> O que é um remanejamento orçamentário?;\n>> O que é uma reformulação orçamentária?;\n>> Quando elaborar uma reformulação orçamentária?;\n>> O que é contabilidade orçamentária, patrimonial e de Controle?;\n>> Como apurar o Superávit/Déficit Orçamentário?;\n>> Como apurar o Superávit/Déficit Primário?;\n>> Como apurar o Superávit/Déficit Financeiro?;\n>> Como apurar o Superávit/Déficit Patrimonial?;\n\n'),
(14, 'Recursos Administrativos - Aspectos Jurídicos e Práticos', 'Prof.ª Karine Machado', '17/08/2018', '4', 'karine-machado', '\n\n>> Fundamento Constitucional  Legislação de Regência Regime Recursal das Contratações Públicas;\n\nRecurso Hierárquico:\n>> Requisitos de admissibilidade; Acesso às informações; Juntada de documentos; Efeitos recursais; Manifestação dos interessados; As motivações e Juízo de Admissibilidade pelo Pregoeiro; A posição do TCU quanto ao direito constitucional do direito ao recurso;\n>> A impossibilidade de rejeição por parte do Pregoeiro do Registro de Intenção; \n>> Processamento do recurso; Juízo de retratação; O prazo para manifestação da Administração; Provimento do recurso e aproveitamento dos atos;\n\nRepresentação:\n>> Objeto, Legitimidade, Prazo, Processamento, Pedido de Reconsideração e Efeitos;\n\n'),
(15, 'A Eficácia da Adoção do Sistema de Registro de Preços/Intenção de Registro de Preços na prática', 'Prof.ª Maria de Medeiros', '17/08/2018', '4', 'maria-lucinete', '\n\n\n>> O Sistema de Registro de Preços - Decreto nº 7.892/2013 - Regras Gerais;\n>> A demonstração prática do Sistema de Registro de Preços/IRP no sistema eletrônico;\n>> A Eficiência na adoção do IRP/SRP - As dificuldades enfrentadas pelos Conselhos;\n>> As peculiaridades da Intenção do Registro de Preços;\n>> Pregão para objetos de pequena monta - Adoção de Grupos;\n>> Cautela com o Jogo de Planilhas - Avaliação dos preços por item;\n>> A Adesão nas licitações por Grupo - Posicionamento do TCU;\n>> Prática na inserção do IRP/SRP no sistema eletrônico;\n>> A nova ferramenta da Gestão da Ata no Sistema Eletrônico;\n\n');

ALTER TABLE `accounts`
  ADD PRIMARY KEY (`id`);

ALTER TABLE `eventos`
  ADD PRIMARY KEY (`id`),
  ADD UNIQUE KEY `id` (`id`);

ALTER TABLE `Participante`
  ADD PRIMARY KEY (`idParticipante`);

ALTER TABLE `participantes`
  ADD PRIMARY KEY (`id`),
  ADD UNIQUE KEY `id` (`id`),
  ADD KEY `evento_id` (`evento_id`);

ALTER TABLE `Participante_has_Workshop`
  ADD KEY `idParticipante` (`idParticipante`),
  ADD KEY `idWorkshop` (`idWorkshop`);

ALTER TABLE `Workshop`
  ADD PRIMARY KEY (`idWorkshop`);

ALTER TABLE `accounts`
  MODIFY `id` int(11) NOT NULL AUTO_INCREMENT,AUTO_INCREMENT=2;

ALTER TABLE `eventos`
  MODIFY `id` int(11) NOT NULL AUTO_INCREMENT,AUTO_INCREMENT=28;

ALTER TABLE `Participante`
  MODIFY `idParticipante` int(11) NOT NULL AUTO_INCREMENT,AUTO_INCREMENT=233;

ALTER TABLE `Workshop`
  MODIFY `idWorkshop` int(11) NOT NULL AUTO_INCREMENT,AUTO_INCREMENT=16;

ALTER TABLE `participantes`
  ADD CONSTRAINT `participantes_ibfk_1` FOREIGN KEY (`evento_id`) REFERENCES `eventos` (`id`) ON DELETE CASCADE;

ALTER TABLE `Participante_has_Workshop`
  ADD CONSTRAINT `Participante_has_Workshop_ibfk_1` FOREIGN KEY (`idParticipante`) REFERENCES `Participante` (`idParticipante`),
  ADD CONSTRAINT `Participante_has_Workshop_ibfk_2` FOREIGN KEY (`idWorkshop`) REFERENCES `Workshop` (`idWorkshop`);